J,8,,,12/08/2025,12/01/2025,,Edge General Ledger,cpwest,-42.00,1300-0000,,,1000,Accounts Receivable - Fee
J,8,,,12/08/2025,12/01/2025,,Edge General Ledger,cpwest,-51.60,1300-0000,,,1000,Accounts Receivable - Insurance
J,8,,,12/08/2025,12/01/2025,,Edge General Ledger,cpwest,-212.00,1300-0000,,,1000,Accounts Receivable - Rent
J,8,,,12/08/2025,12/01/2025,,Edge General Ledger,cpwest,117.00,2210-0000,,,1000,Accrued Discounts
J,8,,,12/08/2025,12/01/2025,,Edge General Ledger,cpwest,362.00,1110-4947,,,1000,Credit Card - Visa
J,8,,,12/08/2025,12/01/2025,,Edge General Ledger,cpwest,-117.00,2210-0000,,,1000,Deferred Rent Liability
J,8,,,12/08/2025,12/01/2025,,Edge General Ledger,cpwest,12.00,4710-0007,,,1000,Discount Expense
J,8,,,12/08/2025,12/01/2025,,Edge General Ledger,cpwest,18.31,5000-0010,,,1000,Insurance Revenue
J,8,,,12/08/2025,12/01/2025,,Edge General Ledger,cpwest,-86.71,4500-1001,,,1000,Rental Revenue
J,9,,,12/09/2025,12/01/2025,,Edge General Ledger,cpwest,-97.00,1300-0000,,,1000,Accounts Receivable - Fee
J,9,,,12/09/2025,12/01/2025,,Edge General Ledger,cpwest,-58.45,1300-0000,,,1000,Accounts Receivable - Insurance
J,9,,,12/09/2025,12/01/2025,,Edge General Ledger,cpwest,-389.50,1300-0000,,,1000,Accounts Receivable - Rent
J,9,,,12/09/2025,12/01/2025,,Edge General Ledger,cpwest,374.68,1110-4947,,,1000,Credit Card - Master Card
J,9,,,12/09/2025,12/01/2025,,Edge General Ledger,cpwest,534.50,1110-4947,,,1000,Credit Card - Visa
J,9,,,12/09/2025,12/01/2025,,Edge General Ledger,cpwest,10.45,4710-0007,,,1000,Discount Expense
J,9,,,12/09/2025,12/01/2025,,Edge General Ledger,cpwest,-374.68,4500-1001,,,1000,Rental Revenue
J,10,,,12/10/2025,12/01/2025,,Edge General Ledger,cpwest,-31.00,1300-0000,,,1000,Accounts Receivable - Fee
J,10,,,12/10/2025,12/01/2025,,Edge General Ledger,cpwest,-12.00,1300-0000,,,1000,Accounts Receivable - Insurance
J,10,,,12/10/2025,12/01/2025,,Edge General Ledger,cpwest,-154.00,1300-0000,,,1000,Accounts Receivable - Rent
J,10,,,12/10/2025,12/01/2025,,Edge General Ledger,cpwest,50.39,1110-4947,,,1000,Credit Card - Discover
J,10,,,12/10/2025,12/01/2025,,Edge General Ledger,cpwest,197.00,1110-4947,,,1000,Credit Card - Visa
J,10,,,12/10/2025,12/01/2025,,Edge General Ledger,cpwest,-50.39,4500-1001,,,1000,Rental Revenue
J,11,,,12/11/2025,12/01/2025,,Edge General Ledger,cpwest,-117.00,1300-0000,,,1000,Accounts Receivable - Fee
J,11,,,12/11/2025,12/01/2025,,Edge General Ledger,cpwest,-48.00,1300-0000,,,1000,Accounts Receivable - Insurance
J,11,,,12/11/2025,12/01/2025,,Edge General Ledger,cpwest,-559.00,1300-0000,,,1000,Accounts Receivable - Rent
J,11,,,12/11/2025,12/01/2025,,Edge General Ledger,cpwest,724.00,1110-4947,,,1000,Credit Card - Visa
J,12,,,12/12/2025,12/01/2025,,Edge General Ledger,cpwest,235.00,1110-4947,,,1000,Credit Card - Visa
J,12,,,12/12/2025,12/01/2025,,Edge General Ledger,cpwest,-235.00,2210-0000,,,1000,Deferred Rent Liability
J,14,,,12/14/2025,12/01/2025,,Edge General Ledger,cpwest,-20.00,1300-0000,,,1000,Accounts Receivable - Fee
J,14,,,12/14/2025,12/01/2025,,Edge General Ledger,cpwest,-12.00,1300-0000,,,1000,Accounts Receivable - Insurance
J,14,,,12/14/2025,12/01/2025,,Edge General Ledger,cpwest,-41.00,1300-0000,,,1000,Accounts Receivable - Rent
J,14,,,12/14/2025,12/01/2025,,Edge General Ledger,cpwest,73.00,1110-4947,,,1000,Credit Card - Visa
J,15,,,12/15/2025,12/01/2025,,Edge General Ledger,cpwest,-138.00,1300-0000,,,1000,Accounts Receivable - Fee
J,15,,,12/15/2025,12/01/2025,,Edge General Ledger,cpwest,-48.00,1300-0000,,,1000,Accounts Receivable - Insurance
J,15,,,12/15/2025,12/01/2025,,Edge General Ledger,cpwest,-692.00,1300-0000,,,1000,Accounts Receivable - Rent
J,15,,,12/15/2025,12/01/2025,,Edge General Ledger,cpwest,-29.00,5805-0000,,,1000,Administrative Fee Revenue
J,15,,,12/15/2025,12/01/2025,,Edge General Ledger,cpwest,99.74,1110-4947,,,1000,Credit Card - Master Card
J,15,,,12/15/2025,12/01/2025,,Edge General Ledger,cpwest,878.00,1110-4947,,,1000,Credit Card - Visa
J,15,,,12/15/2025,12/01/2025,,Edge General Ledger,cpwest,-6.58,5000-0010,,,1000,Insurance Revenue
J,15,,,12/15/2025,12/01/2025,,Edge General Ledger,cpwest,-64.16,4500-1001,,,1000,Rental Revenue
J,16,,,12/16/2025,12/01/2025,,Edge General Ledger,cpwest,0.00,1300-0000,,,1000,Accounts Receivable - Fee
J,16,,,12/16/2025,12/01/2025,,Edge General Ledger,cpwest,0.00,1300-0000,,,1000,Accounts Receivable - Insurance
J,16,,,12/16/2025,12/01/2025,,Edge General Ledger,cpwest,-48.23,1300-0000,,,1000,Accounts Receivable - Rent
J,16,,,12/16/2025,12/01/2025,,Edge General Ledger,cpwest,0.00,1300-0000,,,1000,Accounts Receivable - Retail
J,16,,,12/16/2025,12/01/2025,,Edge General Ledger,cpwest,-58.00,5805-0000,,,1000,Administrative Fee Revenue
J,16,,,12/16/2025,12/01/2025,,Edge General Ledger,cpwest,194.63,1110-4947,,,1000,Credit Card - Visa
J,16,,,12/16/2025,12/01/2025,,Edge General Ledger,cpwest,-11.35,5000-0010,,,1000,Insurance Revenue
J,16,,,12/16/2025,12/01/2025,,Edge General Ledger,cpwest,-19.99,5000-0001,,,1000,Locks Revenue
J,16,,,12/16/2025,12/01/2025,,Edge General Ledger,cpwest,-57.06,4500-1001,,,1000,Rental Revenue
J,17,,,12/17/2025,12/01/2025,,Edge General Ledger,cpwest,30.20,1300-0000,,,1000,Accounts Receivable - Insurance
J,17,,,12/17/2025,12/01/2025,,Edge General Ledger,cpwest,-30.20,5000-0010,,,1000,Insurance Revenue
J,18,,,12/18/2025,12/01/2025,,Edge General Ledger,cpwest,-24.00,1300-0000,,,1000,Accounts Receivable - General/Store Credit
J,18,,,12/18/2025,12/01/2025,,Edge General Ledger,cpwest,-8.13,1300-0000,,,1000,Accounts Receivable - Insurance
J,18,,,12/18/2025,12/01/2025,,Edge General Ledger,cpwest,8.13,4710-0007,,,1000,Discount Expense
J,18,,,12/18/2025,12/01/2025,,Edge General Ledger,cpwest,24.00,4710-0007,,,1000,Discount Expense - Rental Income
J,20,,,12/20/2025,12/01/2025,,Edge General Ledger,cpwest,0.00,1300-0000,,,1000,Accounts Receivable - Fee
J,20,,,12/20/2025,12/01/2025,,Edge General Ledger,cpwest,0.00,1300-0000,,,1000,Accounts Receivable - Rent
J,20,,,12/20/2025,12/01/2025,,Edge General Ledger,cpwest,-29.00,5805-0000,,,1000,Administrative Fee Revenue
J,20,,,12/20/2025,12/01/2025,,Edge General Ledger,cpwest,42.00,1110-4947,,,1000,Credit Card - Discover
J,20,,,12/20/2025,12/01/2025,,Edge General Ledger,cpwest,198.00,1110-4947,,,1000,Credit Card - Visa
J,20,,,12/20/2025,12/01/2025,,Edge General Ledger,cpwest,-17.00,2210-0000,,,1000,Deferred Insurance Liability
J,20,,,12/20/2025,12/01/2025,,Edge General Ledger,cpwest,-181.00,2210-0000,,,1000,Deferred Rent Liability
J,20,,,12/20/2025,12/01/2025,,Edge General Ledger,cpwest,13.71,4710-0007,,,1000,Discount Expense - Rental Income
J,20,,,12/20/2025,12/01/2025,,Edge General Ledger,cpwest,-26.71,4500-1001,,,1000,Rental Revenue
J,21,,,12/21/2025,12/01/2025,,Edge General Ledger,cpwest,-71.00,1300-0000,,,1000,Accounts Receivable - Fee
J,21,,,12/21/2025,12/01/2025,,Edge General Ledger,cpwest,-24.00,1300-0000,,,1000,Accounts Receivable - Insurance
J,21,,,12/21/2025,12/01/2025,,Edge General Ledger,cpwest,-354.00,1300-0000,,,1000,Accounts Receivable - Rent
J,21,,,12/21/2025,12/01/2025,,Edge General Ledger,cpwest,4.26,1110-4947,,,1000,Credit Card - Discover
J,21,,,12/21/2025,12/01/2025,,Edge General Ledger,cpwest,449.00,1110-4947,,,1000,Credit Card - Master Card
J,21,,,12/21/2025,12/01/2025,,Edge General Ledger,cpwest,-4.26,5000-0010,,,1000,Insurance Revenue
J,22,,,12/22/2025,12/01/2025,,Edge General Ledger,cpwest,106.00,1110-4947,,,1000,Credit Card - Visa
J,22,,,12/22/2025,12/01/2025,,Edge General Ledger,cpwest,-12.00,2210-0000,,,1000,Deferred Insurance Liability
J,22,,,12/22/2025,12/01/2025,,Edge General Ledger,cpwest,-94.00,2210-0000,,,1000,Deferred Rent Liability
J,23,,,12/23/2025,12/01/2025,,Edge General Ledger,cpwest,-108.00,1300-0000,,,1000,Accounts Receivable - Fee
J,23,,,12/23/2025,12/01/2025,,Edge General Ledger,cpwest,-48.00,1300-0000,,,1000,Accounts Receivable - Insurance
J,23,,,12/23/2025,12/01/2025,,Edge General Ledger,cpwest,-536.00,1300-0000,,,1000,Accounts Receivable - Rent
J,23,,,12/23/2025,12/01/2025,,Edge General Ledger,cpwest,786.00,1110-4947,,,1000,Credit Card - Visa
J,23,,,12/23/2025,12/01/2025,,Edge General Ledger,cpwest,-12.00,2210-0000,,,1000,Deferred Insurance Liability
J,23,,,12/23/2025,12/01/2025,,Edge General Ledger,cpwest,-82.00,2210-0000,,,1000,Deferred Rent Liability
J,24,,,12/24/2025,12/01/2025,,Edge General Ledger,cpwest,145.00,1110-4947,,,1000,Credit Card - Visa
J,24,,,12/24/2025,12/01/2025,,Edge General Ledger,cpwest,-12.00,2210-0000,,,1000,Deferred Insurance Liability
J,24,,,12/24/2025,12/01/2025,,Edge General Ledger,cpwest,-133.00,2210-0000,,,1000,Deferred Rent Liability
J,26,,,12/26/2025,12/01/2025,,Edge General Ledger,cpwest,-40.00,1300-0000,,,1000,Accounts Receivable - Fee
J,26,,,12/26/2025,12/01/2025,,Edge General Ledger,cpwest,-88.00,1300-0000,,,1000,Accounts Receivable - General/Store Credit
J,26,,,12/26/2025,12/01/2025,,Edge General Ledger,cpwest,-24.00,1300-0000,,,1000,Accounts Receivable - Insurance
J,26,,,12/26/2025,12/01/2025,,Edge General Ledger,cpwest,-110.00,1300-0000,,,1000,Accounts Receivable - Rent
J,26,,,12/26/2025,12/01/2025,,Edge General Ledger,cpwest,174.00,1110-4947,,,1000,Credit Card - Master Card
J,26,,,12/26/2025,12/01/2025,,Edge General Ledger,cpwest,88.00,4710-0007,,,1000,Discount Expense - Rental Income
J,27,,,12/27/2025,12/01/2025,,Edge General Ledger,cpwest,0.00,1300-0000,,,1000,Accounts Receivable - Fee
J,27,,,12/27/2025,12/01/2025,,Edge General Ledger,cpwest,0.00,1300-0000,,,1000,Accounts Receivable - Insurance
J,27,,,12/27/2025,12/01/2025,,Edge General Ledger,cpwest,0.00,1300-0000,,,1000,Accounts Receivable - Rent
J,27,,,12/27/2025,12/01/2025,,Edge General Ledger,cpwest,0.00,1300-0000,,,1000,Accounts Receivable - Retail
J,27,,,12/27/2025,12/01/2025,,Edge General Ledger,cpwest,-29.00,5805-0000,,,1000,Administrative Fee Revenue
J,27,,,12/27/2025,12/01/2025,,Edge General Ledger,cpwest,190.54,1110-4947,,,1000,Credit Card - Master Card
J,27,,,12/27/2025,12/01/2025,,Edge General Ledger,cpwest,-12.00,2210-0000,,,1000,Deferred Insurance Liability
J,27,,,12/27/2025,12/01/2025,,Edge General Ledger,cpwest,-118.00,2210-0000,,,1000,Deferred Rent Liability
J,27,,,12/27/2025,12/01/2025,,Edge General Ledger,cpwest,7.65,4710-0007,,,1000,Discount Expense - Rental Income
J,27,,,12/27/2025,12/01/2025,,Edge General Ledger,cpwest,-3.55,5000-0010,,,1000,Insurance Revenue
J,27,,,12/27/2025,12/01/2025,,Edge General Ledger,cpwest,-19.99,5000-0001,,,1000,Locks Revenue
J,27,,,12/27/2025,12/01/2025,,Edge General Ledger,cpwest,-15.65,4500-1001,,,1000,Rental Revenue
J,28,,,12/28/2025,12/01/2025,,Edge General Ledger,cpwest,-24.00,1300-0000,,,1000,Accounts Receivable - Insurance
J,28,,,12/28/2025,12/01/2025,,Edge General Ledger,cpwest,-311.00,1300-0000,,,1000,Accounts Receivable - Rent
J,28,,,12/28/2025,12/01/2025,,Edge General Ledger,cpwest,335.00,1110-4947,,,1000,Credit Card - Master Card
J,29,,,12/29/2025,12/01/2025,,Edge General Ledger,cpwest,-20.00,1300-0000,,,1000,Accounts Receivable - Fee
J,29,,,12/29/2025,12/01/2025,,Edge General Ledger,cpwest,-12.00,1300-0000,,,1000,Accounts Receivable - Insurance
J,29,,,12/29/2025,12/01/2025,,Edge General Ledger,cpwest,-79.00,1300-0000,,,1000,Accounts Receivable - Rent
J,29,,,12/29/2025,12/01/2025,,Edge General Ledger,cpwest,-29.00,5805-0000,,,1000,Administrative Fee Revenue
J,29,,,12/29/2025,12/01/2025,,Edge General Ledger,cpwest,109.00,1110-4947,,,1000,Credit Card - Discover
J,29,,,12/29/2025,12/01/2025,,Edge General Ledger,cpwest,166.00,1110-4947,,,1000,Credit Card - Master Card
J,29,,,12/29/2025,12/01/2025,,Edge General Ledger,cpwest,320.55,1110-4947,,,1000,Credit Card - Visa
J,29,,,12/29/2025,12/01/2025,,Edge General Ledger,cpwest,-24.00,2210-0000,,,1000,Deferred Insurance Liability
J,29,,,12/29/2025,12/01/2025,,Edge General Ledger,cpwest,-426.55,2210-0000,,,1000,Deferred Rent Liability
J,29,,,12/29/2025,12/01/2025,,Edge General Ledger,cpwest,4.29,4710-0007,,,1000,Discount Expense - Rental Income
J,29,,,12/29/2025,12/01/2025,,Edge General Ledger,cpwest,0.77,5000-0010,,,1000,Insurance Revenue
J,29,,,12/29/2025,12/01/2025,,Edge General Ledger,cpwest,-4.52,4500-1001,,,1000,Rental Revenue
J,29,,,12/29/2025,12/01/2025,,Edge General Ledger,cpwest,-0.77,5000-0010,,,1000,Retained Insurance Refunds
J,29,,,12/29/2025,12/01/2025,,Edge General Ledger,cpwest,-4.77,4500-1001,,,1000,Retained Rent Refunds
J,30,,,12/30/2025,12/01/2025,,Edge General Ledger,cpwest,-24.00,1300-0000,,,1000,Accounts Receivable - Fee
J,30,,,12/30/2025,12/01/2025,,Edge General Ledger,cpwest,-11.23,1300-0000,,,1000,Accounts Receivable - Insurance
J,30,,,12/30/2025,12/01/2025,,Edge General Ledger,cpwest,-118.00,1300-0000,,,1000,Accounts Receivable - Rent
J,30,,,12/30/2025,12/01/2025,,Edge General Ledger,cpwest,0.00,1300-0000,,,1000,Accounts Receivable - Retail
J,30,,,12/30/2025,12/01/2025,,Edge General Ledger,cpwest,-29.00,5805-0000,,,1000,Administrative Fee Revenue
J,30,,,12/30/2025,12/01/2025,,Edge General Ledger,cpwest,-7.00,5000-0013,,,1000,Convenience Fee Revenue
J,30,,,12/30/2025,12/01/2025,,Edge General Ledger,cpwest,135.00,1110-4947,,,1000,Credit Card - Master Card
J,30,,,12/30/2025,12/01/2025,,Edge General Ledger,cpwest,340.76,1110-4947,,,1000,Credit Card - Visa
J,30,,,12/30/2025,12/01/2025,,Edge General Ledger,cpwest,-12.00,2210-0000,,,1000,Deferred Insurance Liability
J,30,,,12/30/2025,12/01/2025,,Edge General Ledger,cpwest,-250.00,2210-0000,,,1000,Deferred Rent Liability
J,30,,,12/30/2025,12/01/2025,,Edge General Ledger,cpwest,3.90,4710-0007,,,1000,Discount Expense - Rental Income
J,30,,,12/30/2025,12/01/2025,,Edge General Ledger,cpwest,-1.15,5000-0010,,,1000,Insurance Revenue
J,30,,,12/30/2025,12/01/2025,,Edge General Ledger,cpwest,-19.99,5000-0001,,,1000,Locks Revenue
J,30,,,12/30/2025,12/01/2025,,Edge General Ledger,cpwest,-1.03,4500-1001,,,1000,Rental Revenue
J,30,,,12/30/2025,12/01/2025,,Edge General Ledger,cpwest,-0.39,5000-0010,,,1000,Retained Insurance Refunds
J,30,,,12/30/2025,12/01/2025,,Edge General Ledger,cpwest,-5.87,4500-1001,,,1000,Retained Rent Refunds
J,31,,,12/31/2025,12/01/2025,,Edge General Ledger,cpwest,-80.00,1300-0000,,,1000,Accounts Receivable - Fee
J,31,,,12/31/2025,12/01/2025,,Edge General Ledger,cpwest,-40.26,1300-0000,,,1000,Accounts Receivable - Insurance
J,31,,,12/31/2025,12/01/2025,,Edge General Ledger,cpwest,-397.00,1300-0000,,,1000,Accounts Receivable - Rent
J,31,,,12/31/2025,12/01/2025,,Edge General Ledger,cpwest,35.00,4710-0007,,,1000,Accrued Discounts
J,31,,,12/31/2025,12/01/2025,,Edge General Ledger,cpwest,-7.00,5000-0013,,,1000,Convenience Fee Revenue
J,31,,,12/31/2025,12/01/2025,,Edge General Ledger,cpwest,56.13,1110-4947,,,1000,Credit Card - Discover
J,31,,,12/31/2025,12/01/2025,,Edge General Ledger,cpwest,513.00,1110-4947,,,1000,Credit Card - Master Card
J,31,,,12/31/2025,12/01/2025,,Edge General Ledger,cpwest,952.13,1110-4947,,,1000,Credit Card - Visa
J,31,,,12/31/2025,12/01/2025,,Edge General Ledger,cpwest,-94.00,2210-0000,,,1000,Deferred Insurance Liability
J,31,,,12/31/2025,12/01/2025,,Edge General Ledger,cpwest,-938.00,2210-0000,,,1000,Deferred Rent Liability
