J,10,,,12/10/2025,12/01/2025,,Edge General Ledger,sschgr,-24.00,1300-0000,,,1000,Accounts Receivable - Insurance
J,10,,,12/10/2025,12/01/2025,,Edge General Ledger,sschgr,-419.00,1300-0000,,,1000,Accounts Receivable - Rent
J,10,,,12/10/2025,12/01/2025,,Edge General Ledger,sschgr,90.00,2210-0000,,,1000,Accrued Discounts
J,10,,,12/10/2025,12/01/2025,,Edge General Ledger,sschgr,443.00,1110-4967,,,1000,Credit Card - Visa
J,10,,,12/10/2025,12/01/2025,,Edge General Ledger,sschgr,-90.00,2210-0000,,,1000,Deferred Rent Liability
J,11,,,12/11/2025,12/01/2025,,Edge General Ledger,sschgr,-12.00,1300-0000,,,1000,Accounts Receivable - Insurance
J,11,,,12/11/2025,12/01/2025,,Edge General Ledger,sschgr,-147.00,1300-0000,,,1000,Accounts Receivable - Rent
J,11,,,12/11/2025,12/01/2025,,Edge General Ledger,sschgr,159.00,1110-4967,,,1000,Credit Card - Visa
J,12,,,12/12/2025,12/01/2025,,Edge General Ledger,sschgr,-15.00,1300-0000,,,1000,Accounts Receivable - Fee
J,12,,,12/12/2025,12/01/2025,,Edge General Ledger,sschgr,-66.24,1300-0000,,,1000,Accounts Receivable - Rent
J,12,,,12/12/2025,12/01/2025,,Edge General Ledger,sschgr,40.50,4710-0007,,,1000,Discount Expense - Rental Income
J,12,,,12/12/2025,12/01/2025,,Edge General Ledger,sschgr,25.74,4500-1001,,,1000,Rental Revenue
J,12,,,12/12/2025,12/01/2025,,Edge General Ledger,sschgr,15.00,4710-0006,,,1000,Waive Expense - Other Fee
J,13,,,12/13/2025,12/01/2025,,Edge General Ledger,sschgr,0.00,1300-0000,,,1000,Accounts Receivable - Fee
J,13,,,12/13/2025,12/01/2025,,Edge General Ledger,sschgr,0.00,1300-0000,,,1000,Accounts Receivable - Insurance
J,13,,,12/13/2025,12/01/2025,,Edge General Ledger,sschgr,0.00,1300-0000,,,1000,Accounts Receivable - Rent
J,13,,,12/13/2025,12/01/2025,,Edge General Ledger,sschgr,-29.00,5805-0000,,,1000,Administrative Fee Revenue
J,13,,,12/13/2025,12/01/2025,,Edge General Ledger,sschgr,70.67,1110-4967,,,1000,Credit Card - Master Card
J,13,,,12/13/2025,12/01/2025,,Edge General Ledger,sschgr,-7.35,5000-0010,,,1000,Insurance Revenue
J,13,,,12/13/2025,12/01/2025,,Edge General Ledger,sschgr,-34.32,4500-1001,,,1000,Rental Revenue
J,14,,,12/14/2025,12/01/2025,,Edge General Ledger,sschgr,0.00,1300-0000,,,1000,Accounts Receivable - Fee
J,14,,,12/14/2025,12/01/2025,,Edge General Ledger,sschgr,0.00,1300-0000,,,1000,Accounts Receivable - Insurance
J,14,,,12/14/2025,12/01/2025,,Edge General Ledger,sschgr,0.00,1300-0000,,,1000,Accounts Receivable - Rent
J,14,,,12/14/2025,12/01/2025,,Edge General Ledger,sschgr,-29.00,5805-0000,,,1000,Administrative Fee Revenue
J,14,,,12/14/2025,12/01/2025,,Edge General Ledger,sschgr,66.74,1110-4967,,,1000,Credit Card - Visa
J,14,,,12/14/2025,12/01/2025,,Edge General Ledger,sschgr,-6.97,5000-0010,,,1000,Insurance Revenue
J,14,,,12/14/2025,12/01/2025,,Edge General Ledger,sschgr,-30.77,4500-1001,,,1000,Rental Revenue
J,16,,,12/16/2025,12/01/2025,,Edge General Ledger,sschgr,423.00,1300-0000,,,1000,Accounts Receivable - Fee
J,16,,,12/16/2025,12/01/2025,,Edge General Ledger,sschgr,-82.74,1300-0000,,,1000,Accounts Receivable - Rent
J,16,,,12/16/2025,12/01/2025,,Edge General Ledger,sschgr,-75.00,5700-0000,,,1000,Fee Revenue Other
J,16,,,12/16/2025,12/01/2025,,Edge General Ledger,sschgr,-348.00,5800-0000,,,1000,Late Fee Revenue
J,16,,,12/16/2025,12/01/2025,,Edge General Ledger,sschgr,82.74,4500-1001,,,1000,Rental Revenue
J,17,,,12/17/2025,12/01/2025,,Edge General Ledger,sschgr,-33.65,1300-0000,,,1000,Accounts Receivable - Fee
J,17,,,12/17/2025,12/01/2025,,Edge General Ledger,sschgr,-12.00,1300-0000,,,1000,Accounts Receivable - Insurance
J,17,,,12/17/2025,12/01/2025,,Edge General Ledger,sschgr,-111.00,1300-0000,,,1000,Accounts Receivable - Rent
J,17,,,12/17/2025,12/01/2025,,Edge General Ledger,sschgr,156.65,1110-4967,,,1000,Credit Card - Visa
J,17,,,12/17/2025,12/01/2025,,Edge General Ledger,sschgr,5.42,5000-0010,,,1000,Insurance Revenue
J,17,,,12/17/2025,12/01/2025,,Edge General Ledger,sschgr,18.97,4500-1001,,,1000,Rental Revenue
J,17,,,12/17/2025,12/01/2025,,Edge General Ledger,sschgr,-5.42,5000-0010,,,1000,Retained Insurance Refunds
J,17,,,12/17/2025,12/01/2025,,Edge General Ledger,sschgr,-18.97,4500-1001,,,1000,Retained Rent Refunds
J,19,,,12/19/2025,12/01/2025,,Edge General Ledger,sschgr,-70.35,1300-0000,,,1000,Accounts Receivable - Fee
J,19,,,12/19/2025,12/01/2025,,Edge General Ledger,sschgr,-36.00,1300-0000,,,1000,Accounts Receivable - Insurance
J,19,,,12/19/2025,12/01/2025,,Edge General Ledger,sschgr,-369.00,1300-0000,,,1000,Accounts Receivable - Rent
J,19,,,12/19/2025,12/01/2025,,Edge General Ledger,sschgr,292.35,1110-4967,,,1000,Credit Card - Master Card
J,19,,,12/19/2025,12/01/2025,,Edge General Ledger,sschgr,458.00,1110-4967,,,1000,Credit Card - Visa
J,19,,,12/19/2025,12/01/2025,,Edge General Ledger,sschgr,-24.00,2210-0000,,,1000,Deferred Insurance Liability
J,19,,,12/19/2025,12/01/2025,,Edge General Ledger,sschgr,-251.00,2210-0000,,,1000,Deferred Rent Liability
J,20,,,12/20/2025,12/01/2025,,Edge General Ledger,sschgr,44.71,4500-1001,,,1000,Rental Revenue
J,20,,,12/20/2025,12/01/2025,,Edge General Ledger,sschgr,-44.71,4500-1001,,,1000,Retained Rent Refunds
J,23,,,12/23/2025,12/01/2025,,Edge General Ledger,sschgr,0.00,1300-0000,,,1000,Accounts Receivable - Fee
J,23,,,12/23/2025,12/01/2025,,Edge General Ledger,sschgr,-58.00,1300-0000,,,1000,Accounts Receivable - General/Store Credit
J,23,,,12/23/2025,12/01/2025,,Edge General Ledger,sschgr,0.00,1300-0000,,,1000,Accounts Receivable - Insurance
J,23,,,12/23/2025,12/01/2025,,Edge General Ledger,sschgr,0.00,1300-0000,,,1000,Accounts Receivable - Rent
J,23,,,12/23/2025,12/01/2025,,Edge General Ledger,sschgr,-29.00,5805-0000,,,1000,Administrative Fee Revenue
J,23,,,12/23/2025,12/01/2025,,Edge General Ledger,sschgr,12.00,2210-0000,,,1000,Deferred Insurance Liability
J,23,,,12/23/2025,12/01/2025,,Edge General Ledger,sschgr,46.00,2210-0000,,,1000,Deferred Rent Liability
J,23,,,12/23/2025,12/01/2025,,Edge General Ledger,sschgr,15.48,4710-0007,,,1000,Discount Expense
J,23,,,12/23/2025,12/01/2025,,Edge General Ledger,sschgr,59.35,4710-0007,,,1000,Discount Expense - Rental Income
J,23,,,12/23/2025,12/01/2025,,Edge General Ledger,sschgr,-0.38,5000-0010,,,1000,Insurance Revenue
J,23,,,12/23/2025,12/01/2025,,Edge General Ledger,sschgr,-1.48,4500-1001,,,1000,Rental Revenue
J,23,,,12/23/2025,12/01/2025,,Edge General Ledger,sschgr,-15.10,5000-0010,,,1000,Retained Insurance Refunds
J,23,,,12/23/2025,12/01/2025,,Edge General Ledger,sschgr,-57.87,4500-1001,,,1000,Retained Rent Refunds
J,23,,,12/23/2025,12/01/2025,,Edge General Ledger,sschgr,29.00,4710-0006,,,1000,Waive Expense - Admin Fee
J,24,,,12/24/2025,12/01/2025,,Edge General Ledger,sschgr,183.00,1110-4967,,,1000,Credit Card - Visa
J,24,,,12/24/2025,12/01/2025,,Edge General Ledger,sschgr,-12.00,2210-0000,,,1000,Deferred Insurance Liability
J,24,,,12/24/2025,12/01/2025,,Edge General Ledger,sschgr,-171.00,2210-0000,,,1000,Deferred Rent Liability
J,25,,,12/25/2025,12/01/2025,,Edge General Ledger,sschgr,276.00,1300-0000,,,1000,Accounts Receivable - Fee
J,25,,,12/25/2025,12/01/2025,,Edge General Ledger,sschgr,-276.00,5800-0000,,,1000,Late Fee Revenue
J,26,,,12/26/2025,12/01/2025,,Edge General Ledger,sschgr,-91.00,1300-0000,,,1000,Accounts Receivable - Fee
J,26,,,12/26/2025,12/01/2025,,Edge General Ledger,sschgr,-36.00,1300-0000,,,1000,Accounts Receivable - Insurance
J,26,,,12/26/2025,12/01/2025,,Edge General Ledger,sschgr,-305.00,1300-0000,,,1000,Accounts Receivable - Rent
J,26,,,12/26/2025,12/01/2025,,Edge General Ledger,sschgr,0.00,4710-0007,,,1000,Accrued Discounts
J,26,,,12/26/2025,12/01/2025,,Edge General Ledger,sschgr,-29.00,5805-0000,,,1000,Administrative Fee Revenue
J,26,,,12/26/2025,12/01/2025,,Edge General Ledger,sschgr,67.00,4710-0006,,,1000,Bad Debt Write-Off - Rental Income
J,26,,,12/26/2025,12/01/2025,,Edge General Ledger,sschgr,214.00,1110-4967,,,1000,Credit Card - Master Card
J,26,,,12/26/2025,12/01/2025,,Edge General Ledger,sschgr,365.00,1110-4967,,,1000,Credit Card - Visa
J,26,,,12/26/2025,12/01/2025,,Edge General Ledger,sschgr,-12.00,2210-0000,,,1000,Deferred Insurance Liability
J,26,,,12/26/2025,12/01/2025,,Edge General Ledger,sschgr,-171.00,2210-0000,,,1000,Deferred Rent Liability
J,26,,,12/26/2025,12/01/2025,,Edge General Ledger,sschgr,1.19,4710-0007,,,1000,Discount Expense - Rental Income
J,26,,,12/26/2025,12/01/2025,,Edge General Ledger,sschgr,1.94,5000-0010,,,1000,Insurance Revenue
J,26,,,12/26/2025,12/01/2025,,Edge General Ledger,sschgr,18.42,4500-1001,,,1000,Rental Revenue
J,26,,,12/26/2025,12/01/2025,,Edge General Ledger,sschgr,-1.94,5000-0010,,,1000,Retained Insurance Refunds
J,26,,,12/26/2025,12/01/2025,,Edge General Ledger,sschgr,-21.61,4500-1001,,,1000,Retained Rent Refunds
J,27,,,12/27/2025,12/01/2025,,Edge General Ledger,sschgr,75.00,1110-4967,,,1000,Credit Card - Visa
J,27,,,12/27/2025,12/01/2025,,Edge General Ledger,sschgr,-75.00,2210-0000,,,1000,Deferred Rent Liability
J,28,,,12/28/2025,12/01/2025,,Edge General Ledger,sschgr,-60.60,1300-0000,,,1000,Accounts Receivable - Fee
J,28,,,12/28/2025,12/01/2025,,Edge General Ledger,sschgr,-24.00,1300-0000,,,1000,Accounts Receivable - Insurance
J,28,,,12/28/2025,12/01/2025,,Edge General Ledger,sschgr,-202.00,1300-0000,,,1000,Accounts Receivable - Rent
J,28,,,12/28/2025,12/01/2025,,Edge General Ledger,sschgr,-7.00,5000-0013,,,1000,Convenience Fee Revenue
J,28,,,12/28/2025,12/01/2025,,Edge General Ledger,sschgr,293.60,1110-4967,,,1000,Credit Card - Visa
J,29,,,12/29/2025,12/01/2025,,Edge General Ledger,sschgr,33.00,1110-4967,,,1000,ACH
J,29,,,12/29/2025,12/01/2025,,Edge General Ledger,sschgr,0.00,1300-0000,,,1000,Accounts Receivable - Fee
J,29,,,12/29/2025,12/01/2025,,Edge General Ledger,sschgr,0.00,1300-0000,,,1000,Accounts Receivable - Rent
J,29,,,12/29/2025,12/01/2025,,Edge General Ledger,sschgr,-29.00,5805-0000,,,1000,Administrative Fee Revenue
J,29,,,12/29/2025,12/01/2025,,Edge General Ledger,sschgr,82.00,1110-4967,,,1000,Credit Card - Master Card
J,29,,,12/29/2025,12/01/2025,,Edge General Ledger,sschgr,132.00,1110-4967,,,1000,Credit Card - Visa
J,29,,,12/29/2025,12/01/2025,,Edge General Ledger,sschgr,-24.00,2210-0000,,,1000,Deferred Insurance Liability
J,29,,,12/29/2025,12/01/2025,,Edge General Ledger,sschgr,-190.00,2210-0000,,,1000,Deferred Rent Liability
J,29,,,12/29/2025,12/01/2025,,Edge General Ledger,sschgr,3.94,4710-0007,,,1000,Discount Expense - Rental Income
J,29,,,12/29/2025,12/01/2025,,Edge General Ledger,sschgr,-7.94,4500-1001,,,1000,Rental Revenue
J,30,,,12/30/2025,12/01/2025,,Edge General Ledger,sschgr,196.00,1110-4967,,,1000,ACH
J,30,,,12/30/2025,12/01/2025,,Edge General Ledger,sschgr,-98.10,1300-0000,,,1000,Accounts Receivable - Fee
J,30,,,12/30/2025,12/01/2025,,Edge General Ledger,sschgr,-47.23,1300-0000,,,1000,Accounts Receivable - Insurance
J,30,,,12/30/2025,12/01/2025,,Edge General Ledger,sschgr,-510.00,1300-0000,,,1000,Accounts Receivable - Rent
J,30,,,12/30/2025,12/01/2025,,Edge General Ledger,sschgr,93.65,4710-0007,,,1000,Accrued Discounts
J,30,,,12/30/2025,12/01/2025,,Edge General Ledger,sschgr,-29.00,5805-0000,,,1000,Administrative Fee Revenue
J,30,,,12/30/2025,12/01/2025,,Edge General Ledger,sschgr,347.00,1110-4967,,,1000,Credit Card - Master Card
J,30,,,12/30/2025,12/01/2025,,Edge General Ledger,sschgr,964.10,1110-4967,,,1000,Credit Card - Visa
J,30,,,12/30/2025,12/01/2025,,Edge General Ledger,sschgr,-72.00,2210-0000,,,1000,Deferred Insurance Liability
J,30,,,12/30/2025,12/01/2025,,Edge General Ledger,sschgr,-865.70,2210-0000,,,1000,Deferred Rent Liability
J,30,,,12/30/2025,12/01/2025,,Edge General Ledger,sschgr,-0.77,5000-0010,,,1000,Insurance Revenue
J,30,,,12/30/2025,12/01/2025,,Edge General Ledger,sschgr,22.05,5800-0000,,,1000,Late Fee Revenue
J,31,,,12/31/2025,12/01/2025,,Edge General Ledger,sschgr,-108.00,1300-0000,,,1000,Accounts Receivable - Fee
J,31,,,12/31/2025,12/01/2025,,Edge General Ledger,sschgr,-24.00,1300-0000,,,1000,Accounts Receivable - Insurance
J,31,,,12/31/2025,12/01/2025,,Edge General Ledger,sschgr,-228.00,1300-0000,,,1000,Accounts Receivable - Rent
J,31,,,12/31/2025,12/01/2025,,Edge General Ledger,sschgr,-29.00,5805-0000,,,1000,Administrative Fee Revenue
J,31,,,12/31/2025,12/01/2025,,Edge General Ledger,sschgr,147.00,1110-4967,,,1000,Credit Card - Master Card
J,31,,,12/31/2025,12/01/2025,,Edge General Ledger,sschgr,597.00,1110-4967,,,1000,Credit Card - Visa
J,31,,,12/31/2025,12/01/2025,,Edge General Ledger,sschgr,-24.00,2210-0000,,,1000,Deferred Insurance Liability
J,31,,,12/31/2025,12/01/2025,,Edge General Ledger,sschgr,-328.00,2210-0000,,,1000,Deferred Rent Liability
J,31,,,12/31/2025,12/01/2025,,Edge General Ledger,sschgr,0.81,4710-0007,,,1000,Discount Expense - Rental Income
J,31,,,12/31/2025,12/01/2025,,Edge General Ledger,sschgr,-3.41,4500-1001,,,1000,Rental Revenue
J,31,,,12/31/2025,12/01/2025,,Edge General Ledger,sschgr,-0.40,4500-1001,,,1000,Retained Rent Refunds
