J,9,"","",12/09/2025,12/01/2025,"",Edge General Ledger,"",-31.00,1300-0000,"","",1000,Accounts Receivable - Fee
J,9,"","",12/09/2025,12/01/2025,"",Edge General Ledger,"",-36.50,1300-0000,"","",1000,Accounts Receivable - General/Store Credit
J,9,"","",12/09/2025,12/01/2025,"",Edge General Ledger,"",-166.00,1300-0000,"","",1000,Accounts Receivable - Insurance
J,9,"","",12/09/2025,12/01/2025,"",Edge General Ledger,"",-154.00,1300-0000,"","",1000,Accounts Receivable - Rent
J,9,"","",12/09/2025,12/01/2025,"",Edge General Ledger,"",250.00,2210-0000,"","",1000,Accrued Discounts
J,9,"","",12/09/2025,12/01/2025,"",Edge General Ledger,"",207.00,1110-4977,"","",1000,Credit Card - Master Card
J,9,"","",12/09/2025,12/01/2025,"",Edge General Ledger,"",-250.00,2210-0000,"","",1000,Deferred Rent Liability
J,9,"","",12/09/2025,12/01/2025,"",Edge General Ledger,"",180.00,"","","",1000,Discount Expense
J,9,"","",12/09/2025,12/01/2025,"",Edge General Ledger,"",0.50,4500-1001,"","",1000,Discount Expense - Rental Income
J,9,"","",12/09/2025,12/01/2025,"",Edge General Ledger,"",2.36,4500-1001,"","",1000,Rental Revenue
J,9,"","",12/09/2025,12/01/2025,"",Edge General Ledger,"",-2.36,4500-1001,"","",1000,Retained Rent Refunds
J,10,"","",12/10/2025,12/01/2025,"",Edge General Ledger,"",-31.00,1300-0000,"","",1000,Accounts Receivable - Fee
J,10,"","",12/10/2025,12/01/2025,"",Edge General Ledger,"",-24.00,1300-0000,"","",1000,Accounts Receivable - Insurance
J,10,"","",12/10/2025,12/01/2025,"",Edge General Ledger,"",-157.00,1300-0000,"","",1000,Accounts Receivable - Rent
J,10,"","",12/10/2025,12/01/2025,"",Edge General Ledger,"",71.00,2210-0000,"","",1000,Accrued Discounts
J,10,"","",12/10/2025,12/01/2025,"",Edge General Ledger,"",43.00,1110-4977,"","",1000,Credit Card - Discover
J,10,"","",12/10/2025,12/01/2025,"",Edge General Ledger,"",668.50,1110-4977,"","",1000,Credit Card - Visa
J,10,"","",12/10/2025,12/01/2025,"",Edge General Ledger,"",-24.00,2210-0000,"","",1000,Deferred Insurance Liability
J,10,"","",12/10/2025,12/01/2025,"",Edge General Ledger,"",-546.50,2210-0000,"","",1000,Deferred Rent Liability
J,11,"","",12/11/2025,12/01/2025,"",Edge General Ledger,"",-35.00,1300-0000,"","",1000,Accounts Receivable - Fee
J,11,"","",12/11/2025,12/01/2025,"",Edge General Ledger,"",-12.00,1300-0000,"","",1000,Accounts Receivable - Insurance
J,11,"","",12/11/2025,12/01/2025,"",Edge General Ledger,"",-177.00,1300-0000,"","",1000,Accounts Receivable - Rent
J,11,"","",12/11/2025,12/01/2025,"",Edge General Ledger,"",425.00,1110-4977,"","",1000,Credit Card - Visa
J,11,"","",12/11/2025,12/01/2025,"",Edge General Ledger,"",-12.00,2210-0000,"","",1000,Deferred Insurance Liability
J,11,"","",12/11/2025,12/01/2025,"",Edge General Ledger,"",-189.00,2210-0000,"","",1000,Deferred Rent Liability
J,12,"","",12/12/2025,12/01/2025,"",Edge General Ledger,"",0.00,1300-0000,"","",1000,Accounts Receivable - Fee
J,12,"","",12/12/2025,12/01/2025,"",Edge General Ledger,"",0.00,1300-0000,"","",1000,Accounts Receivable - Insurance
J,12,"","",12/12/2025,12/01/2025,"",Edge General Ledger,"",0.00,1300-0000,"","",1000,Accounts Receivable - Rent
J,12,"","",12/12/2025,12/01/2025,"",Edge General Ledger,"",-29.00,5805-0000,"","",1000,Administrative Fee Revenue
J,12,"","",12/12/2025,12/01/2025,"",Edge General Ledger,"",152.61,1110-4977,"","",1000,Credit Card - Visa
J,12,"","",12/12/2025,12/01/2025,"",Edge General Ledger,"",0.00,2210-0000,"","",1000,Deferred Insurance Liability
J,12,"","",12/12/2025,12/01/2025,"",Edge General Ledger,"",0.00,2210-0000,"","",1000,Deferred Rent Liability
J,12,"","",12/12/2025,12/01/2025,"",Edge General Ledger,"",-7.35,5000-0010,"","",1000,Insurance Revenue
J,12,"","",12/12/2025,12/01/2025,"",Edge General Ledger,"",-145.26,4500-1001,"","",1000,Rental Revenue
J,12,"","",12/12/2025,12/01/2025,"",Edge General Ledger,"",29.00,4710-0006,"","",1000,Waive Expense - Admin Fee
J,13,"","",12/13/2025,12/01/2025,"",Edge General Ledger,"",-22.00,1300-0000,"","",1000,Accounts Receivable - Fee
J,13,"","",12/13/2025,12/01/2025,"",Edge General Ledger,"",-12.00,1300-0000,"","",1000,Accounts Receivable - Insurance
J,13,"","",12/13/2025,12/01/2025,"",Edge General Ledger,"",-109.00,1300-0000,"","",1000,Accounts Receivable - Rent
J,13,"","",12/13/2025,12/01/2025,"",Edge General Ledger,"",143.00,1110-4977,"","",1000,Credit Card - Visa
J,14,"","",12/14/2025,12/01/2025,"",Edge General Ledger,"",-70.00,1300-0000,"","",1000,Accounts Receivable - Fee
J,14,"","",12/14/2025,12/01/2025,"",Edge General Ledger,"",-12.00,1300-0000,"","",1000,Accounts Receivable - Insurance
J,14,"","",12/14/2025,12/01/2025,"",Edge General Ledger,"",-174.00,1300-0000,"","",1000,Accounts Receivable - Rent
J,14,"","",12/14/2025,12/01/2025,"",Edge General Ledger,"",80.00,1110-4977,"","",1000,Credit Card - Master Card
J,14,"","",12/14/2025,12/01/2025,"",Edge General Ledger,"",256.00,1110-4977,"","",1000,Credit Card - Visa
J,14,"","",12/14/2025,12/01/2025,"",Edge General Ledger,"",-80.00,2210-0000,"","",1000,Deferred Rent Liability
J,15,"","",12/15/2025,12/01/2025,"",Edge General Ledger,"",-29.00,1300-0000,"","",1000,Accounts Receivable - Fee
J,15,"","",12/15/2025,12/01/2025,"",Edge General Ledger,"",0.00,1300-0000,"","",1000,Accounts Receivable - Insurance
J,15,"","",12/15/2025,12/01/2025,"",Edge General Ledger,"",-145.00,1300-0000,"","",1000,Accounts Receivable - Rent
J,15,"","",12/15/2025,12/01/2025,"",Edge General Ledger,"",0.00,1300-0000,"","",1000,Accounts Receivable - Retail
J,15,"","",12/15/2025,12/01/2025,"",Edge General Ledger,"",-29.00,5805-0000,"","",1000,Administrative Fee Revenue
J,15,"","",12/15/2025,12/01/2025,"",Edge General Ledger,"",300.31,1110-4977,"","",1000,Credit Card - Visa
J,15,"","",12/15/2025,12/01/2025,"",Edge General Ledger,"",-6.58,5000-0010,"","",1000,Insurance Revenue
J,15,"","",12/15/2025,12/01/2025,"",Edge General Ledger,"",-19.99,5000-001,"","",1000,Locks Revenue
J,15,"","",12/15/2025,12/01/2025,"",Edge General Ledger,"",-70.74,4500-1001,"","",1000,Rental Revenue
J,16,"","",12/16/2025,12/01/2025,"",Edge General Ledger,"",129.00,1300-0000,"","",1000,Accounts Receivable - Fee
J,16,"","",12/16/2025,12/01/2025,"",Edge General Ledger,"",-12.00,1300-0000,"","",1000,Accounts Receivable - Insurance
J,16,"","",12/16/2025,12/01/2025,"",Edge General Ledger,"",-52.50,1300-0000,"","",1000,Accounts Receivable - Rent
J,16,"","",12/16/2025,12/01/2025,"",Edge General Ledger,"",10.50,1300-0000,"","",1000,Accounts Receivable - Tax
J,16,"","",12/16/2025,12/01/2025,"",Edge General Ledger,"",-7.00,"","","",1000,Convenience Fee Revenue
J,16,"","",12/16/2025,12/01/2025,"",Edge General Ledger,"",1832.50,1110-4977,"","",1000,Credit Card - Visa
J,16,"","",12/16/2025,12/01/2025,"",Edge General Ledger,"",-1740.00,2210-0000,"","",1000,Deferred Rent Liability
J,16,"","",12/16/2025,12/01/2025,"",Edge General Ledger,"",-150.00,"","","",1000,Fee Revenue Other
J,16,"","",12/16/2025,12/01/2025,"",Edge General Ledger,"",-10.50,2310-0000,"","",1000,Sales Tax Payable State
J,17,"","",12/17/2025,12/01/2025,"",Edge General Ledger,"",0.00,1300-0000,"","",1000,Accounts Receivable - Insurance
J,17,"","",12/17/2025,12/01/2025,"",Edge General Ledger,"",0.00,1300-0000,"","",1000,Accounts Receivable - Rent
J,17,"","",12/17/2025,12/01/2025,"",Edge General Ledger,"",150.00,1110-4977,"","",1000,Credit Card - Master Card
J,17,"","",12/17/2025,12/01/2025,"",Edge General Ledger,"",-12.00,2210-0000,"","",1000,Deferred Insurance Liability
J,17,"","",12/17/2025,12/01/2025,"",Edge General Ledger,"",-138.00,2210-0000,"","",1000,Deferred Rent Liability
J,17,"","",12/17/2025,12/01/2025,"",Edge General Ledger,"",5.42,5000-0010,"","",1000,Insurance Revenue
J,17,"","",12/17/2025,12/01/2025,"",Edge General Ledger,"",47.42,4500-1001,"","",1000,Rental Revenue
J,17,"","",12/17/2025,12/01/2025,"",Edge General Ledger,"",-5.42,5000-0010,"","",1000,Retained Insurance Refunds
J,17,"","",12/17/2025,12/01/2025,"",Edge General Ledger,"",-47.42,4500-1001,"","",1000,Retained Rent Refunds
J,18,"","",12/18/2025,12/01/2025,"",Edge General Ledger,"",-20.00,1300-0000,"","",1000,Accounts Receivable - Fee
J,18,"","",12/18/2025,12/01/2025,"",Edge General Ledger,"",-16.40,1300-0000,"","",1000,Accounts Receivable - Insurance
J,18,"","",12/18/2025,12/01/2025,"",Edge General Ledger,"",-85.00,1300-0000,"","",1000,Accounts Receivable - Rent
J,18,"","",12/18/2025,12/01/2025,"",Edge General Ledger,"",101.40,1110-4329,"","",1000,Credit Card - Master Card
J,18,"","",12/18/2025,12/01/2025,"",Edge General Ledger,"",121.00,1110-4329,"","",1000,Credit Card - Visa
J,18,"","",12/18/2025,12/01/2025,"",Edge General Ledger,"",-12.00,2210-0000,"","",1000,Deferred Insurance Liability
J,18,"","",12/18/2025,12/01/2025,"",Edge General Ledger,"",-109.00,2210-0000,"","",1000,Deferred Rent Liability
J,18,"","",12/18/2025,12/01/2025,"",Edge General Ledger,"",0.00,5000-0010,"","",1000,Insurance Revenue
J,18,"","",12/18/2025,12/01/2025,"",Edge General Ledger,"",0.00,4500-1001,"","",1000,Rental Revenue
J,18,"","",12/18/2025,12/01/2025,"",Edge General Ledger,"",0.00,5000-0010,"","",1000,Retained Insurance Refunds
J,18,"","",12/18/2025,12/01/2025,"",Edge General Ledger,"",0.00,4500-1001,"","",1000,Retained Rent Refunds
J,18,"","",12/18/2025,12/01/2025,"",Edge General Ledger,"",20.00,4710-0006,"","",1000,Waive Expense - Other Fee
J,19,"","",12/19/2025,12/01/2025,"",Edge General Ledger,"",-46.00,1300-0000,"","",1000,Accounts Receivable - Rent
J,19,"","",12/19/2025,12/01/2025,"",Edge General Ledger,"",46.00,"","","",1000,Bad Debt Write-Off - Rental Income
J,19,"","",12/19/2025,12/01/2025,"",Edge General Ledger,"",94.00,1110-4329,"","",1000,Credit Card - Visa
J,19,"","",12/19/2025,12/01/2025,"",Edge General Ledger,"",-12.00,2210-0000,"","",1000,Deferred Insurance Liability
J,19,"","",12/19/2025,12/01/2025,"",Edge General Ledger,"",-82.00,2210-0000,"","",1000,Deferred Rent Liability
J,19,"","",12/19/2025,12/01/2025,"",Edge General Ledger,"",9.30,5000-0010,"","",1000,Insurance Revenue
J,19,"","",12/19/2025,12/01/2025,"",Edge General Ledger,"",89.42,4500-1001,"","",1000,Rental Revenue
J,19,"","",12/19/2025,12/01/2025,"",Edge General Ledger,"",-9.30,5000-0010,"","",1000,Retained Insurance Refunds
J,19,"","",12/19/2025,12/01/2025,"",Edge General Ledger,"",-89.42,4500-1001,"","",1000,Retained Rent Refunds
J,20,"","",12/20/2025,12/01/2025,"",Edge General Ledger,"",0.00,1300-0000,"","",1000,Accounts Receivable - Fee
J,20,"","",12/20/2025,12/01/2025,"",Edge General Ledger,"",0.00,1300-0000,"","",1000,Accounts Receivable - Insurance
J,20,"","",12/20/2025,12/01/2025,"",Edge General Ledger,"",0.00,1300-0000,"","",1000,Accounts Receivable - Rent
J,20,"","",12/20/2025,12/01/2025,"",Edge General Ledger,"",0.00,1300-0000,"","",1000,Accounts Receivable - Retail
J,20,"","",12/20/2025,12/01/2025,"",Edge General Ledger,"",-58.00,5805-0000,"","",1000,Administrative Fee Revenue
J,20,"","",12/20/2025,12/01/2025,"",Edge General Ledger,"",25.00,1110-4329,"","",1000,Credit Card - Master Card
J,20,"","",12/20/2025,12/01/2025,"",Edge General Ledger,"",169.15,1110-4329,"","",1000,Credit Card - Visa
J,20,"","",12/20/2025,12/01/2025,"",Edge General Ledger,"",-25.00,2210-0000,"","",1000,Deferred Rent Liability
J,20,"","",12/20/2025,12/01/2025,"",Edge General Ledger,"",58.91,"","","",1000,Discount Expense - Rental Income
J,20,"","",12/20/2025,12/01/2025,"",Edge General Ledger,"",-13.17,5000-0010,"","",1000,Insurance Revenue
J,20,"","",12/20/2025,12/01/2025,"",Edge General Ledger,"",-39.98,5000-001,"","",1000,Locks Revenue
J,20,"","",12/20/2025,12/01/2025,"",Edge General Ledger,"",-116.91,4500-1001,"","",1000,Rental Revenue
J,21,"","",12/21/2025,12/01/2025,"",Edge General Ledger,"",-150.00,1300-0000,"","",1000,Accounts Receivable - Fee
J,21,"","",12/21/2025,12/01/2025,"",Edge General Ledger,"",0.00,1300-0000,"","",1000,Accounts Receivable - Retail
J,21,"","",12/21/2025,12/01/2025,"",Edge General Ledger,"",-10.50,1300-0000,"","",1000,Accounts Receivable - Tax
J,21,"","",12/21/2025,12/01/2025,"",Edge General Ledger,"",211.99,1110-4329,"","",1000,Credit Card - Visa
J,21,"","",12/21/2025,12/01/2025,"",Edge General Ledger,"",-31.50,5000-001,"","",1000,General Retail Revenue
J,21,"","",12/21/2025,12/01/2025,"",Edge General Ledger,"",3.87,5000-0010,"","",1000,Insurance Revenue
J,21,"","",12/21/2025,12/01/2025,"",Edge General Ledger,"",-19.99,5000-001,"","",1000,Locks Revenue
J,21,"","",12/21/2025,12/01/2025,"",Edge General Ledger,"",35.16,4500-1001,"","",1000,Rental Revenue
J,21,"","",12/21/2025,12/01/2025,"",Edge General Ledger,"",-3.87,5000-0010,"","",1000,Retained Insurance Refunds
J,21,"","",12/21/2025,12/01/2025,"",Edge General Ledger,"",-35.16,4500-1001,"","",1000,Retained Rent Refunds
J,23,"","",12/23/2025,12/01/2025,"",Edge General Ledger,"",-20.00,1300-0000,"","",1000,Accounts Receivable - Fee
J,23,"","",12/23/2025,12/01/2025,"",Edge General Ledger,"",-12.00,1300-0000,"","",1000,Accounts Receivable - Insurance
J,23,"","",12/23/2025,12/01/2025,"",Edge General Ledger,"",-80.00,1300-0000,"","",1000,Accounts Receivable - Rent
J,23,"","",12/23/2025,12/01/2025,"",Edge General Ledger,"",-58.00,5805-0000,"","",1000,Administrative Fee Revenue
J,23,"","",12/23/2025,12/01/2025,"",Edge General Ledger,"",254.00,1110-4329,"","",1000,Credit Card - Master Card
J,23,"","",12/23/2025,12/01/2025,"",Edge General Ledger,"",-12.00,2210-0000,"","",1000,Deferred Insurance Liability
J,23,"","",12/23/2025,12/01/2025,"",Edge General Ledger,"",-80.00,2210-0000,"","",1000,Deferred Rent Liability
J,23,"","",12/23/2025,12/01/2025,"",Edge General Ledger,"",6.39,"","","",1000,Discount Expense
J,23,"","",12/23/2025,12/01/2025,"",Edge General Ledger,"",56.52,"","","",1000,Discount Expense - Rental Income
J,23,"","",12/23/2025,12/01/2025,"",Edge General Ledger,"",-0.71,5000-0010,"","",1000,Insurance Revenue
J,23,"","",12/23/2025,12/01/2025,"",Edge General Ledger,"",-45.26,4500-1001,"","",1000,Rental Revenue
J,23,"","",12/23/2025,12/01/2025,"",Edge General Ledger,"",-5.68,5000-0010,"","",1000,Retained Insurance Refunds
J,23,"","",12/23/2025,12/01/2025,"",Edge General Ledger,"",-32.26,4500-1001,"","",1000,Retained Rent Refunds
J,23,"","",12/23/2025,12/01/2025,"",Edge General Ledger,"",29.00,4710-0006,"","",1000,Waive Expense - Admin Fee
J,24,"","",12/24/2025,12/01/2025,"",Edge General Ledger,"",0.00,1300-0000,"","",1000,Accounts Receivable - Fee
J,24,"","",12/24/2025,12/01/2025,"",Edge General Ledger,"",0.00,1300-0000,"","",1000,Accounts Receivable - Insurance
J,24,"","",12/24/2025,12/01/2025,"",Edge General Ledger,"",0.00,1300-0000,"","",1000,Accounts Receivable - Rent
J,24,"","",12/24/2025,12/01/2025,"",Edge General Ledger,"",0.00,4710-0007,"","",1000,Accrued Discounts
J,24,"","",12/24/2025,12/01/2025,"",Edge General Ledger,"",-29.00,5805-0000,"","",1000,Administrative Fee Revenue
J,24,"","",12/24/2025,12/01/2025,"",Edge General Ledger,"",44.32,1110-4329,"","",1000,Credit Card - Visa
J,24,"","",12/24/2025,12/01/2025,"",Edge General Ledger,"",0.00,2210-0000,"","",1000,Deferred Insurance Liability
J,24,"","",12/24/2025,12/01/2025,"",Edge General Ledger,"",0.00,2210-0000,"","",1000,Deferred Rent Liability
J,24,"","",12/24/2025,12/01/2025,"",Edge General Ledger,"",12.74,"","","",1000,Discount Expense - Rental Income
J,24,"","",12/24/2025,12/01/2025,"",Edge General Ledger,"",-2.32,5000-0010,"","",1000,Insurance Revenue
J,24,"","",12/24/2025,12/01/2025,"",Edge General Ledger,"",-25.74,4500-1001,"","",1000,Rental Revenue
J,27,"","",12/27/2025,12/01/2025,"",Edge General Ledger,"",0.00,1300-0000,"","",1000,Accounts Receivable - Fee
J,27,"","",12/27/2025,12/01/2025,"",Edge General Ledger,"",0.00,1300-0000,"","",1000,Accounts Receivable - Rent
J,27,"","",12/27/2025,12/01/2025,"",Edge General Ledger,"",0.00,1300-0000,"","",1000,Accounts Receivable - Retail
J,27,"","",12/27/2025,12/01/2025,"",Edge General Ledger,"",0.00,4710-0007,"","",1000,Accrued Discounts
J,27,"","",12/27/2025,12/01/2025,"",Edge General Ledger,"",-29.00,5805-0000,"","",1000,Administrative Fee Revenue
J,27,"","",12/27/2025,12/01/2025,"",Edge General Ledger,"",168.00,1110-4329,"","",1000,Credit Card - Discover
J,27,"","",12/27/2025,12/01/2025,"",Edge General Ledger,"",53.99,1110-4329,"","",1000,Credit Card - Master Card
J,27,"","",12/27/2025,12/01/2025,"",Edge General Ledger,"",-168.00,2210-0000,"","",1000,Deferred Rent Liability
J,27,"","",12/27/2025,12/01/2025,"",Edge General Ledger,"",5.58,"","","",1000,Discount Expense - Rental Income
J,27,"","",12/27/2025,12/01/2025,"",Edge General Ledger,"",1.55,5000-0010,"","",1000,Insurance Revenue
J,27,"","",12/27/2025,12/01/2025,"",Edge General Ledger,"",-19.99,5000-001,"","",1000,Locks Revenue
J,27,"","",12/27/2025,12/01/2025,"",Edge General Ledger,"",13.81,4500-1001,"","",1000,Rental Revenue
J,27,"","",12/27/2025,12/01/2025,"",Edge General Ledger,"",-1.55,5000-0010,"","",1000,Retained Insurance Refunds
J,27,"","",12/27/2025,12/01/2025,"",Edge General Ledger,"",-24.39,4500-1001,"","",1000,Retained Rent Refunds
J,28,"","",12/28/2025,12/01/2025,"",Edge General Ledger,"",-54.00,1300-0000,"","",1000,Accounts Receivable - Fee
J,28,"","",12/28/2025,12/01/2025,"",Edge General Ledger,"",-24.00,1300-0000,"","",1000,Accounts Receivable - Insurance
J,28,"","",12/28/2025,12/01/2025,"",Edge General Ledger,"",-270.00,1300-0000,"","",1000,Accounts Receivable - Rent
J,28,"","",12/28/2025,12/01/2025,"",Edge General Ledger,"",348.00,1110-4329,"","",1000,Credit Card - Discover
J,28,"","",12/28/2025,12/01/2025,"",Edge General Ledger,"",311.00,1110-4329,"","",1000,Credit Card - Visa
J,28,"","",12/28/2025,12/01/2025,"",Edge General Ledger,"",-34.00,2210-0000,"","",1000,Deferred Insurance Liability
J,28,"","",12/28/2025,12/01/2025,"",Edge General Ledger,"",-277.00,2210-0000,"","",1000,Deferred Rent Liability
J,29,"","",12/29/2025,12/01/2025,"",Edge General Ledger,"",210.00,1110-4329,"","",1000,ACH
J,29,"","",12/29/2025,12/01/2025,"",Edge General Ledger,"",-20.00,1300-0000,"","",1000,Accounts Receivable - Fee
J,29,"","",12/29/2025,12/01/2025,"",Edge General Ledger,"",-12.00,1300-0000,"","",1000,Accounts Receivable - Insurance
J,29,"","",12/29/2025,12/01/2025,"",Edge General Ledger,"",-83.00,1300-0000,"","",1000,Accounts Receivable - Rent
J,29,"","",12/29/2025,12/01/2025,"",Edge General Ledger,"",-29.00,5805-0000,"","",1000,Administrative Fee Revenue
J,29,"","",12/29/2025,12/01/2025,"",Edge General Ledger,"",30.00,1110-4329,"","",1000,Credit Card - Master Card
J,29,"","",12/29/2025,12/01/2025,"",Edge General Ledger,"",206.00,1110-4329,"","",1000,Credit Card - Visa
J,29,"","",12/29/2025,12/01/2025,"",Edge General Ledger,"",-24.00,2210-0000,"","",1000,Deferred Insurance Liability
J,29,"","",12/29/2025,12/01/2025,"",Edge General Ledger,"",-277.00,2210-0000,"","",1000,Deferred Rent Liability
J,29,"","",12/29/2025,12/01/2025,"",Edge General Ledger,"",1.81,"","","",1000,Discount Expense - Rental Income
J,29,"","",12/29/2025,12/01/2025,"",Edge General Ledger,"",2.35,4500-1001,"","",1000,Rental Revenue
J,29,"","",12/29/2025,12/01/2025,"",Edge General Ledger,"",-5.16,4500-1001,"","",1000,Retained Rent Refunds
J,30,"","",12/30/2025,12/01/2025,"",Edge General Ledger,"",577.00,1110-4329,"","",1000,ACH
J,30,"","",12/30/2025,12/01/2025,"",Edge General Ledger,"",-85.00,1300-0000,"","",1000,Accounts Receivable - Fee
J,30,"","",12/30/2025,12/01/2025,"",Edge General Ledger,"",-36.00,1300-0000,"","",1000,Accounts Receivable - Insurance
J,30,"","",12/30/2025,12/01/2025,"",Edge General Ledger,"",-421.00,1300-0000,"","",1000,Accounts Receivable - Rent
J,30,"","",12/30/2025,12/01/2025,"",Edge General Ledger,"",58.00,4710-0007,"","",1000,Accrued Discounts
J,30,"","",12/30/2025,12/01/2025,"",Edge General Ledger,"",-7.00,5000-0013,"","",1000,Convenience Fee Revenue
J,30,"","",12/30/2025,12/01/2025,"",Edge General Ledger,"",136.00,1110-4329,"","",1000,Credit Card - Discover
J,30,"","",12/30/2025,12/01/2025,"",Edge General Ledger,"",237.00,1110-4329,"","",1000,Credit Card - Master Card
J,30,"","",12/30/2025,12/01/2025,"",Edge General Ledger,"",101.00,1110-4329,"","",1000,Credit Card - Visa
J,30,"","",12/30/2025,12/01/2025,"",Edge General Ledger,"",-48.00,2210-0000,"","",1000,Deferred Insurance Liability
J,30,"","",12/30/2025,12/01/2025,"",Edge General Ledger,"",-512.00,2210-0000,"","",1000,Deferred Rent Liability
J,31,"","",12/31/2025,12/01/2025,"",Edge General Ledger,"",-20.00,1300-0000,"","",1000,Accounts Receivable - Fee
J,31,"","",12/31/2025,12/01/2025,"",Edge General Ledger,"",-10.44,1300-0000,"","",1000,Accounts Receivable - Insurance
J,31,"","",12/31/2025,12/01/2025,"",Edge General Ledger,"",-87.00,1300-0000,"","",1000,Accounts Receivable - Rent
J,31,"","",12/31/2025,12/01/2025,"",Edge General Ledger,"",0.00,1300-0000,"","",1000,Accounts Receivable - Retail
J,31,"","",12/31/2025,12/01/2025,"",Edge General Ledger,"",37.77,4710-0007,"","",1000,Accrued Discounts
J,31,"","",12/31/2025,12/01/2025,"",Edge General Ledger,"",-29.00,5805-0000,"","",1000,Administrative Fee Revenue
J,31,"","",12/31/2025,12/01/2025,"",Edge General Ledger,"",119.00,1110-4329,"","",1000,Credit Card - Discover
J,31,"","",12/31/2025,12/01/2025,"",Edge General Ledger,"",86.99,1110-4329,"","",1000,Credit Card - Visa
J,31,"","",12/31/2025,12/01/2025,"",Edge General Ledger,"",-75.77,2210-0000,"","",1000,Deferred Rent Liability
J,31,"","",12/31/2025,12/01/2025,"",Edge General Ledger,"",-1.56,5000-0010,"","",1000,Insurance Revenue
J,31,"","",12/31/2025,12/01/2025,"",Edge General Ledger,"",-19.99,5000-001,"","",1000,Locks Revenue
