J,11,"","",12/11/2025,12/01/2025,"",Edge General Ledger,L023,-59.00,1300-0000,"","",1000,Accounts Receivable - Fee
J,11,"","",12/11/2025,12/01/2025,"",Edge General Ledger,L023,-125.20,1300-0000,"","",1000,Accounts Receivable - Insurance
J,11,"","",12/11/2025,12/01/2025,"",Edge General Ledger,L023,-896.00,1300-0000,"","",1000,Accounts Receivable - Rent
J,11,"","",12/11/2025,12/01/2025,"",Edge General Ledger,L023,77.20,1110-1532,"","",1000,Credit Card - American Express
J,11,"","",12/11/2025,12/01/2025,"",Edge General Ledger,L023,362.00,1110-1532,"","",1000,Credit Card - Master Card
J,11,"","",12/11/2025,12/01/2025,"",Edge General Ledger,L023,641.00,1110-1532,"","",1000,Credit Card - Visa
J,12,"","",12/12/2025,12/01/2025,"",Edge General Ledger,L023,148.00,1110-1532,"","",1000,Credit Card - Visa
J,12,"","",12/12/2025,12/01/2025,"",Edge General Ledger,L023,-12.00,2230-0000,"","",1000,Deferred Insurance Liability
J,12,"","",12/12/2025,12/01/2025,"",Edge General Ledger,L023,-136.00,2210-0000,"","",1000,Deferred Rent Liability
J,13,"","",12/13/2025,12/01/2025,"",Edge General Ledger,L023,0.00,1300-0000,"","",1000,Accounts Receivable - Fee
J,13,"","",12/13/2025,12/01/2025,"",Edge General Ledger,L023,0.00,1300-0000,"","",1000,Accounts Receivable - Rent
J,13,"","",12/13/2025,12/01/2025,"",Edge General Ledger,L023,-29.00,5805-0000,"","",1000,Administrative Fee Revenue
J,13,"","",12/13/2025,12/01/2025,"",Edge General Ledger,L023,79.87,1110-4960,"","",1000,Credit Card - Visa
J,13,"","",12/13/2025,12/01/2025,"",Edge General Ledger,L023,-50.87,4500-1001,"","",1000,Rental Revenue
J,14,"","",12/14/2025,12/01/2025,"",Edge General Ledger,L023,6.97,1300-0000,"","",1000,Accounts Receivable - Insurance
J,14,"","",12/14/2025,12/01/2025,"",Edge General Ledger,L023,-6.97,5000-0010,"","",1000,Insurance Revenue
J,15,"","",12/15/2025,12/01/2025,"",Edge General Ledger,L023,-15.00,1300-0000,"","",1000,Accounts Receivable - Fee
J,15,"","",12/15/2025,12/01/2025,"",Edge General Ledger,L023,-18.97,1300-0000,"","",1000,Accounts Receivable - Insurance
J,15,"","",12/15/2025,12/01/2025,"",Edge General Ledger,L023,-173.00,1300-0000,"","",1000,Accounts Receivable - Rent
J,15,"","",12/15/2025,12/01/2025,"",Edge General Ledger,L023,206.97,1110-4960,"","",1000,Credit Card - Visa
J,16,"","",12/16/2025,12/01/2025,"",Edge General Ledger,L023,620.50,1300-0000,"","",1000,Accounts Receivable - Fee
J,16,"","",12/16/2025,12/01/2025,"",Edge General Ledger,L023,-175.00,5700-0000,"","",1000,Fee Revenue Other
J,16,"","",12/16/2025,12/01/2025,"",Edge General Ledger,L023,-445.50,5800-0000,"","",1000,Late Fee Revenue
J,17,"","",12/17/2025,12/01/2025,"",Edge General Ledger,L023,-101.15,1300-0000,"","",1000,Accounts Receivable - Fee
J,17,"","",12/17/2025,12/01/2025,"",Edge General Ledger,L023,-36.00,1300-0000,"","",1000,Accounts Receivable - Insurance
J,17,"","",12/17/2025,12/01/2025,"",Edge General Ledger,L023,-411.00,1300-0000,"","",1000,Accounts Receivable - Rent
J,17,"","",12/17/2025,12/01/2025,"",Edge General Ledger,L023,-7.00,5000-0013,"","",1000,Convenience Fee Revenue
J,17,"","",12/17/2025,12/01/2025,"",Edge General Ledger,L023,653.15,1110-4960,"","",1000,Credit Card - Visa
J,17,"","",12/17/2025,12/01/2025,"",Edge General Ledger,L023,-12.00,2210-0000,"","",1000,Deferred Insurance Liability
J,17,"","",12/17/2025,12/01/2025,"",Edge General Ledger,L023,-101.00,2210-0000,"","",1000,Deferred Rent Liability
J,17,"","",12/17/2025,12/01/2025,"",Edge General Ledger,L023,5.42,5000-0010,"","",1000,Insurance Revenue
J,17,"","",12/17/2025,12/01/2025,"",Edge General Ledger,L023,46.06,4500-1001,"","",1000,Rental Revenue
J,17,"","",12/17/2025,12/01/2025,"",Edge General Ledger,L023,-5.42,5000-0010,"","",1000,Retained Insurance Refunds
J,17,"","",12/17/2025,12/01/2025,"",Edge General Ledger,L023,-46.06,4500-1001,"","",1000,Retained Rent Refunds
J,17,"","",12/17/2025,12/01/2025,"",Edge General Ledger,L023,15.00,4710-0006,"","",1000,Waive Expense - Other Fee
J,18,"","",12/18/2025,12/01/2025,"",Edge General Ledger,L023,-106.10,1300-0000,"","",1000,Accounts Receivable - Fee
J,18,"","",12/18/2025,12/01/2025,"",Edge General Ledger,L023,-24.00,1300-0000,"","",1000,Accounts Receivable - Insurance
J,18,"","",12/18/2025,12/01/2025,"",Edge General Ledger,L023,-354.00,1300-0000,"","",1000,Accounts Receivable - Rent
J,18,"","",12/18/2025,12/01/2025,"",Edge General Ledger,L023,651.10,1110-4960,"","",1000,Credit Card - Visa
J,18,"","",12/18/2025,12/01/2025,"",Edge General Ledger,L023,-12.00,2210-0000,"","",1000,Deferred Insurance Liability
J,18,"","",12/18/2025,12/01/2025,"",Edge General Ledger,L023,-155.00,2210-0000,"","",1000,Deferred Rent Liability
J,19,"","",12/19/2025,12/01/2025,"",Edge General Ledger,L023,-90.30,1300-0000,"","",1000,Accounts Receivable - Fee
J,19,"","",12/19/2025,12/01/2025,"",Edge General Ledger,L023,-12.00,1300-0000,"","",1000,Accounts Receivable - Insurance
J,19,"","",12/19/2025,12/01/2025,"",Edge General Ledger,L023,-183.00,1300-0000,"","",1000,Accounts Receivable - Rent
J,19,"","",12/19/2025,12/01/2025,"",Edge General Ledger,L023,431.45,1110-4960,"","",1000,Credit Card - Master Card
J,19,"","",12/19/2025,12/01/2025,"",Edge General Ledger,L023,0.00,2210-0000,"","",1000,Deferred Insurance Liability
J,19,"","",12/19/2025,12/01/2025,"",Edge General Ledger,L023,-34.00,2210-0000,"","",1000,Deferred Rent Liability
J,19,"","",12/19/2025,12/01/2025,"",Edge General Ledger,L023,9.30,5000-0010,"","",1000,Insurance Revenue
J,19,"","",12/19/2025,12/01/2025,"",Edge General Ledger,L023,83.23,4500-1001,"","",1000,Rental Revenue
J,19,"","",12/19/2025,12/01/2025,"",Edge General Ledger,L023,-21.30,5000-0010,"","",1000,Retained Insurance Refunds
J,19,"","",12/19/2025,12/01/2025,"",Edge General Ledger,L023,-219.23,4500-1001,"","",1000,Retained Rent Refunds
J,19,"","",12/19/2025,12/01/2025,"",Edge General Ledger,L023,35.85,4710-0006,"","",1000,Waive Expense - Other Fee
J,20,"","",12/20/2025,12/01/2025,"",Edge General Ledger,L023,180.00,1110-4960,"","",1000,Credit Card - Master Card
J,20,"","",12/20/2025,12/01/2025,"",Edge General Ledger,L023,-12.00,2210-0000,"","",1000,Deferred Insurance Liability
J,20,"","",12/20/2025,12/01/2025,"",Edge General Ledger,L023,-168.00,2210-0000,"","",1000,Deferred Rent Liability
J,24,"","",12/24/2025,12/01/2025,"",Edge General Ledger,L023,-86.10,1300-0000,"","",1000,Accounts Receivable - Fee
J,24,"","",12/24/2025,12/01/2025,"",Edge General Ledger,L023,-24.00,1300-0000,"","",1000,Accounts Receivable - Insurance
J,24,"","",12/24/2025,12/01/2025,"",Edge General Ledger,L023,-334.00,1300-0000,"","",1000,Accounts Receivable - Rent
J,24,"","",12/24/2025,12/01/2025,"",Edge General Ledger,L023,607.10,1110-4960,"","",1000,Credit Card - Visa
J,24,"","",12/24/2025,12/01/2025,"",Edge General Ledger,L023,-12.00,2210-0000,"","",1000,Deferred Insurance Liability
J,24,"","",12/24/2025,12/01/2025,"",Edge General Ledger,L023,-151.00,2210-0000,"","",1000,Deferred Rent Liability
J,25,"","",12/25/2025,12/01/2025,"",Edge General Ledger,L023,193.25,1300-0000,"","",1000,Accounts Receivable - Fee
J,25,"","",12/25/2025,12/01/2025,"",Edge General Ledger,L023,-22.00,1300-0000,"","",1000,Accounts Receivable - Insurance
J,25,"","",12/25/2025,12/01/2025,"",Edge General Ledger,L023,-262.00,1300-0000,"","",1000,Accounts Receivable - Rent
J,25,"","",12/25/2025,12/01/2025,"",Edge General Ledger,L023,372.60,1110-4960,"","",1000,Credit Card - Visa
J,25,"","",12/25/2025,12/01/2025,"",Edge General Ledger,L023,-281.85,5800-0000,"","",1000,Late Fee Revenue
J,26,"","",12/26/2025,12/01/2025,"",Edge General Ledger,L023,103.00,1110-4960,"","",1000,Credit Card - Visa
J,26,"","",12/26/2025,12/01/2025,"",Edge General Ledger,L023,-12.00,2210-0000,"","",1000,Deferred Insurance Liability
J,26,"","",12/26/2025,12/01/2025,"",Edge General Ledger,L023,-91.00,2210-0000,"","",1000,Deferred Rent Liability
J,28,"","",12/28/2025,12/01/2025,"",Edge General Ledger,L023,190.00,1110-4960,"","",1000,Credit Card - Master Card
J,28,"","",12/28/2025,12/01/2025,"",Edge General Ledger,L023,-12.00,2210-0000,"","",1000,Deferred Insurance Liability
J,28,"","",12/28/2025,12/01/2025,"",Edge General Ledger,L023,-178.00,2210-0000,"","",1000,Deferred Rent Liability
J,29,"","",12/29/2025,12/01/2025,"",Edge General Ledger,L023,-56.50,1300-0000,"","",1000,Accounts Receivable - Fee
J,29,"","",12/29/2025,12/01/2025,"",Edge General Ledger,L023,-12.00,1300-0000,"","",1000,Accounts Receivable - Insurance
J,29,"","",12/29/2025,12/01/2025,"",Edge General Ledger,L023,-155.00,1300-0000,"","",1000,Accounts Receivable - Rent
J,29,"","",12/29/2025,12/01/2025,"",Edge General Ledger,L023,223.50,1110-4960,"","",1000,Credit Card - Visa
J,30,"","",12/30/2025,12/01/2025,"",Edge General Ledger,L023,-139.90,1300-0000,"","",1000,Accounts Receivable - Fee
J,30,"","",12/30/2025,12/01/2025,"",Edge General Ledger,L023,-24.00,1300-0000,"","",1000,Accounts Receivable - Insurance
J,30,"","",12/30/2025,12/01/2025,"",Edge General Ledger,L023,-383.00,1300-0000,"","",1000,Accounts Receivable - Rent
J,30,"","",12/30/2025,12/01/2025,"",Edge General Ledger,L023,546.90,1110-4960,"","",1000,Credit Card - Visa
J,31,"","",12/31/2025,12/01/2025,"",Edge General Ledger,L023,-182.80,1300-0000,"","",1000,Accounts Receivable - Fee
J,31,"","",12/31/2025,12/01/2025,"",Edge General Ledger,L023,-24.00,1300-0000,"","",1000,Accounts Receivable - Insurance
J,31,"","",12/31/2025,12/01/2025,"",Edge General Ledger,L023,-406.00,1300-0000,"","",1000,Accounts Receivable - Rent
J,31,"","",12/31/2025,12/01/2025,"",Edge General Ledger,L023,-58.00,5805-0000,"","",1000,Administrative Fee Revenue
J,31,"","",12/31/2025,12/01/2025,"",Edge General Ledger,L023,723.80,1110-4960,"","",1000,Credit Card - Master Card
J,31,"","",12/31/2025,12/01/2025,"",Edge General Ledger,L023,449.00,1110-4960,"","",1000,Credit Card - Visa
J,31,"","",12/31/2025,12/01/2025,"",Edge General Ledger,L023,-12.00,2210-0000,"","",1000,Deferred Insurance Liability
J,31,"","",12/31/2025,12/01/2025,"",Edge General Ledger,L023,-488.00,2210-0000,"","",1000,Deferred Rent Liability
J,31,"","",12/31/2025,12/01/2025,"",Edge General Ledger,L023,1.29,"","","",1000,Discount Expense - Rental Income
J,31,"","",12/31/2025,12/01/2025,"",Edge General Ledger,L023,-3.29,4500-1001,"","",1000,Rental Revenue
