J,8,"","",12/08/2025,12/01/2025,"",Edge General Ledger,"",-80.00,1300-0000,"","",1000,Accounts Receivable - Fee
J,8,"","",12/08/2025,12/01/2025,"",Edge General Ledger,"",-1140.00,1300-0000,"","",1000,Accounts Receivable - General/Store Credit
J,8,"","",12/08/2025,12/01/2025,"",Edge General Ledger,"",-495.00,1300-0000,"","",1000,Accounts Receivable - Rent
J,8,"","",12/08/2025,12/01/2025,"",Edge General Ledger,"",300.00,1110-1532,"","",1000,Credit Card - American Express
J,8,"","",12/08/2025,12/01/2025,"",Edge General Ledger,"",120.00,1110-1532,"","",1000,Credit Card - Master Card
J,8,"","",12/08/2025,12/01/2025,"",Edge General Ledger,"",1235.00,4500-1001,"","",1000,Discount Expense - Rental Income
J,8,"","",12/08/2025,12/01/2025,"",Edge General Ledger,"",60.00,4710-0006,"","",1000,Waive Expense - Other Fee
J,9,"","",12/09/2025,12/01/2025,"",Edge General Ledger,"",-15.00,1300-0000,"","",1000,Accounts Receivable - Fee
J,9,"","",12/09/2025,12/01/2025,"",Edge General Ledger,"",-110.00,1300-0000,"","",1000,Accounts Receivable - Rent
J,9,"","",12/09/2025,12/01/2025,"",Edge General Ledger,"",125.00,1110-1532,"","",1000,Credit Card - Visa
J,9,"","",12/09/2025,12/01/2025,"",Edge General Ledger,"",74.52,4500-1001,"","",1000,Rental Revenue
J,9,"","",12/09/2025,12/01/2025,"",Edge General Ledger,"",-74.52,4500-1001,"","",1000,Retained Rent Refunds
J,10,"","",12/10/2025,12/01/2025,"",Edge General Ledger,"",-126.00,1300-0000,"","",1000,Accounts Receivable - Fee
J,10,"","",12/10/2025,12/01/2025,"",Edge General Ledger,"",-630.00,1300-0000,"","",1000,Accounts Receivable - Rent
J,10,"","",12/10/2025,12/01/2025,"",Edge General Ledger,"",756.00,1110-1532,"","",1000,Credit Card - Visa
J,12,"","",12/12/2025,12/01/2025,"",Edge General Ledger,"",-187.00,1300-0000,"","",1000,Accounts Receivable - Fee
J,12,"","",12/12/2025,12/01/2025,"",Edge General Ledger,"",-1864.00,1300-0000,"","",1000,Accounts Receivable - Rent
J,12,"","",12/12/2025,12/01/2025,"",Edge General Ledger,"",1861.00,1110-1532,"","",1000,Credit Card - Master Card
J,12,"","",12/12/2025,12/01/2025,"",Edge General Ledger,"",175.00,1110-1532,"","",1000,Credit Card - Visa
J,12,"","",12/12/2025,12/01/2025,"",Edge General Ledger,"",15.00,4710-0006,"","",1000,Waive Expense - Other Fee
J,13,"","",12/13/2025,12/01/2025,"",Edge General Ledger,"",-40.00,1300-0000,"","",1000,Accounts Receivable - Fee
J,13,"","",12/13/2025,12/01/2025,"",Edge General Ledger,"",-140.00,1300-0000,"","",1000,Accounts Receivable - Rent
J,13,"","",12/13/2025,12/01/2025,"",Edge General Ledger,"",140.00,1110-4991,"","",1000,Credit Card - Visa
J,13,"","",12/13/2025,12/01/2025,"",Edge General Ledger,"",40.00,4710-0006,"","",1000,Waive Expense - Other Fee
J,14,"","",12/14/2025,12/01/2025,"",Edge General Ledger,"",-20.00,1300-0000,"","",1000,Accounts Receivable - Fee
J,14,"","",12/14/2025,12/01/2025,"",Edge General Ledger,"",-60.00,1300-0000,"","",1000,Accounts Receivable - Rent
J,14,"","",12/14/2025,12/01/2025,"",Edge General Ledger,"",80.00,1110-4991,"","",1000,Credit Card - Visa
J,16,"","",12/16/2025,12/01/2025,"",Edge General Ledger,"",-20.00,1300-0000,"","",1000,Accounts Receivable - Fee
J,16,"","",12/16/2025,12/01/2025,"",Edge General Ledger,"",0.00,1300-0000,"","",1000,Accounts Receivable - Insurance
J,16,"","",12/16/2025,12/01/2025,"",Edge General Ledger,"",-95.00,1300-0000,"","",1000,Accounts Receivable - Rent
J,16,"","",12/16/2025,12/01/2025,"",Edge General Ledger,"",6.19,1110-4991,"","",1000,Credit Card - Master Card
J,16,"","",12/16/2025,12/01/2025,"",Edge General Ledger,"",115.00,1110-4991,"","",1000,Credit Card - Visa
J,16,"","",12/16/2025,12/01/2025,"",Edge General Ledger,"",-6.19,5000-0010,"","",1000,Insurance Revenue
J,17,"","",12/17/2025,12/01/2025,"",Edge General Ledger,"",-40.00,1300-0000,"","",1000,Accounts Receivable - Fee
J,17,"","",12/17/2025,12/01/2025,"",Edge General Ledger,"",-140.00,1300-0000,"","",1000,Accounts Receivable - Rent
J,17,"","",12/17/2025,12/01/2025,"",Edge General Ledger,"",180.00,1110-4991,"","",1000,Credit Card - Master Card
J,18,"","",12/18/2025,12/01/2025,"",Edge General Ledger,"",-73.00,1300-0000,"","",1000,Accounts Receivable - Fee
J,18,"","",12/18/2025,12/01/2025,"",Edge General Ledger,"",-345.00,1300-0000,"","",1000,Accounts Receivable - Rent
J,18,"","",12/18/2025,12/01/2025,"",Edge General Ledger,"",198.00,1110-4991,"","",1000,Credit Card - Master Card
J,18,"","",12/18/2025,12/01/2025,"",Edge General Ledger,"",220.00,1110-4991,"","",1000,Credit Card - Visa
J,19,"","",12/19/2025,12/01/2025,"",Edge General Ledger,"",-88.00,1300-0000,"","",1000,Accounts Receivable - Fee
J,19,"","",12/19/2025,12/01/2025,"",Edge General Ledger,"",-545.00,1300-0000,"","",1000,Accounts Receivable - Rent
J,19,"","",12/19/2025,12/01/2025,"",Edge General Ledger,"",138.00,1110-4991,"","",1000,Credit Card - Master Card
J,19,"","",12/19/2025,12/01/2025,"",Edge General Ledger,"",65.00,5800-0000,"","",1000,Late Fee Revenue
J,19,"","",12/19/2025,12/01/2025,"",Edge General Ledger,"",430.00,4500-1001,"","",1000,Rental Revenue
J,20,"","",12/20/2025,12/01/2025,"",Edge General Ledger,"",-152.00,1300-0000,"","",1000,Accounts Receivable - Fee
J,20,"","",12/20/2025,12/01/2025,"",Edge General Ledger,"",-760.00,1300-0000,"","",1000,Accounts Receivable - Rent
J,20,"","",12/20/2025,12/01/2025,"",Edge General Ledger,"",912.00,1110-4991,"","",1000,Credit Card - Master Card
J,20,"","",12/20/2025,12/01/2025,"",Edge General Ledger,"",24.84,4500-1001,"","",1000,Rental Revenue
J,20,"","",12/20/2025,12/01/2025,"",Edge General Ledger,"",-24.84,4500-1001,"","",1000,Retained Rent Refunds
J,24,"","",12/24/2025,12/01/2025,"",Edge General Ledger,"",0.00,1300-0000,"","",1000,Accounts Receivable - Fee
J,24,"","",12/24/2025,12/01/2025,"",Edge General Ledger,"",0.00,1300-0000,"","",1000,Accounts Receivable - Rent
J,24,"","",12/24/2025,12/01/2025,"",Edge General Ledger,"",-29.00,5805-0000,"","",1000,Administrative Fee Revenue
J,24,"","",12/24/2025,12/01/2025,"",Edge General Ledger,"",40.00,1110-4991,"","",1000,Credit Card - Visa
J,24,"","",12/24/2025,12/01/2025,"",Edge General Ledger,"",10.94,"","","",1000,Discount Expense - Rental Income
J,24,"","",12/24/2025,12/01/2025,"",Edge General Ledger,"",-21.94,4500-1001,"","",1000,Rental Revenue
J,25,"","",12/25/2025,12/01/2025,"",Edge General Ledger,"",-48.00,1300-0000,"","",1000,Accounts Receivable - Fee
J,25,"","",12/25/2025,12/01/2025,"",Edge General Ledger,"",-10.00,1300-0000,"","",1000,Accounts Receivable - Insurance
J,25,"","",12/25/2025,12/01/2025,"",Edge General Ledger,"",-240.00,1300-0000,"","",1000,Accounts Receivable - Rent
J,25,"","",12/25/2025,12/01/2025,"",Edge General Ledger,"",298.00,1110-4991,"","",1000,Credit Card - Visa
J,26,"","",12/26/2025,12/01/2025,"",Edge General Ledger,"",-23.00,1300-0000,"","",1000,Accounts Receivable - Fee
J,26,"","",12/26/2025,12/01/2025,"",Edge General Ledger,"",-115.00,1300-0000,"","",1000,Accounts Receivable - Rent
J,26,"","",12/26/2025,12/01/2025,"",Edge General Ledger,"",115.00,1110-4991,"","",1000,Credit Card - Visa
J,26,"","",12/26/2025,12/01/2025,"",Edge General Ledger,"",23.00,4710-0006,"","",1000,Waive Expense - Other Fee
J,27,"","",12/27/2025,12/01/2025,"",Edge General Ledger,"",-27.00,1300-0000,"","",1000,Accounts Receivable - Fee
J,27,"","",12/27/2025,12/01/2025,"",Edge General Ledger,"",-135.00,1300-0000,"","",1000,Accounts Receivable - Rent
J,27,"","",12/27/2025,12/01/2025,"",Edge General Ledger,"",162.00,1110-4991,"","",1000,Credit Card - Master Card
J,27,"","",12/27/2025,12/01/2025,"",Edge General Ledger,"",175.00,1110-4991,"","",1000,Credit Card - Visa
J,27,"","",12/27/2025,12/01/2025,"",Edge General Ledger,"",-175.00,2210-0000,"","",1000,Deferred Rent Liability
J,29,"","",12/29/2025,12/01/2025,"",Edge General Ledger,"",-15.00,1300-0000,"","",1000,Accounts Receivable - Fee
J,29,"","",12/29/2025,12/01/2025,"",Edge General Ledger,"",-300.00,1300-0000,"","",1000,Accounts Receivable - Rent
J,29,"","",12/29/2025,12/01/2025,"",Edge General Ledger,"",315.00,1110-4991,"","",1000,Credit Card - Master Card
J,29,"","",12/29/2025,12/01/2025,"",Edge General Ledger,"",190.00,1110-4991,"","",1000,Credit Card - Visa
J,29,"","",12/29/2025,12/01/2025,"",Edge General Ledger,"",-190.00,2210-0000,"","",1000,Deferred Rent Liability
J,30,"","",12/30/2025,12/01/2025,"",Edge General Ledger,"",2.90,4500-1001,"","",1000,Rental Revenue
J,30,"","",12/30/2025,12/01/2025,"",Edge General Ledger,"",-2.90,4500-1001,"","",1000,Retained Rent Refunds
J,31,"","",12/31/2025,12/01/2025,"",Edge General Ledger,"",137.00,1110-4991,"","",1000,Credit Card - Master Card
J,31,"","",12/31/2025,12/01/2025,"",Edge General Ledger,"",135.00,1110-4991,"","",1000,Credit Card - Visa
J,31,"","",12/31/2025,12/01/2025,"",Edge General Ledger,"",-12.00,2210-0000,"","",1000,Deferred Insurance Liability
J,31,"","",12/31/2025,12/01/2025,"",Edge General Ledger,"",-260.00,2210-0000,"","",1000,Deferred Rent Liability
