J,8,"","",12/08/2025,12/01/2025,"",Edge General Ledger,"",-60.00,1300-0000,"","",1000,Accounts Receivable - Fee
J,8,"","",12/08/2025,12/01/2025,"",Edge General Ledger,"",-60.39,1300-0000,"","",1000,Accounts Receivable - Insurance
J,8,"","",12/08/2025,12/01/2025,"",Edge General Ledger,"",-150.00,1300-0000,"","",1000,Accounts Receivable - Rent
J,8,"","",12/08/2025,12/01/2025,"",Edge General Ledger,"",246.00,1110-1532,"","",1000,Credit Card - Visa
J,8,"","",12/08/2025,12/01/2025,"",Edge General Ledger,"",12.00,"","","",1000,Discount Expense
J,8,"","",12/08/2025,12/01/2025,"",Edge General Ledger,"",12.39,5000-0010,"","",1000,Insurance Revenue
J,10,"","",12/10/2025,12/01/2025,"",Edge General Ledger,"",8.13,5000-0010,"","",1000,Insurance Revenue
J,10,"","",12/10/2025,12/01/2025,"",Edge General Ledger,"",226.26,4500-1001,"","",1000,Rental Revenue
J,10,"","",12/10/2025,12/01/2025,"",Edge General Ledger,"",-8.13,5000-0010,"","",1000,Retained Insurance Refunds
J,10,"","",12/10/2025,12/01/2025,"",Edge General Ledger,"",-226.26,4500-1001,"","",1000,Retained Rent Refunds
J,12,"","",12/12/2025,12/01/2025,"",Edge General Ledger,"",-30.00,1300-0000,"","",1000,Accounts Receivable - Fee
J,12,"","",12/12/2025,12/01/2025,"",Edge General Ledger,"",-12.00,1300-0000,"","",1000,Accounts Receivable - Insurance
J,12,"","",12/12/2025,12/01/2025,"",Edge General Ledger,"",-152.00,1300-0000,"","",1000,Accounts Receivable - Rent
J,12,"","",12/12/2025,12/01/2025,"",Edge General Ledger,"",164.00,1110-1532,"","",1000,Credit Card - Master Card
J,12,"","",12/12/2025,12/01/2025,"",Edge General Ledger,"",194.00,1110-1532,"","",1000,Credit Card - Visa
J,12,"","",12/12/2025,12/01/2025,"",Edge General Ledger,"",-17.00,2230-0000,"","",1000,Deferred Insurance Liability
J,12,"","",12/12/2025,12/01/2025,"",Edge General Ledger,"",-147.00,2210-0000,"","",1000,Deferred Rent Liability
J,14,"","",12/14/2025,12/01/2025,"",Edge General Ledger,"",-55.00,1300-0000,"","",1000,Accounts Receivable - Fee
J,14,"","",12/14/2025,12/01/2025,"",Edge General Ledger,"",-12.00,1300-0000,"","",1000,Accounts Receivable - Insurance
J,14,"","",12/14/2025,12/01/2025,"",Edge General Ledger,"",-274.00,1300-0000,"","",1000,Accounts Receivable - Rent
J,14,"","",12/14/2025,12/01/2025,"",Edge General Ledger,"",220.00,1110-4948,"","",1000,Credit Card - Visa
J,14,"","",12/14/2025,12/01/2025,"",Edge General Ledger,"",66.00,"","","",1000,Discount Expense - Rental Income
J,14,"","",12/14/2025,12/01/2025,"",Edge General Ledger,"",55.00,4710-0006,"","",1000,Waive Expense - Other Fee
J,17,"","",12/17/2025,12/01/2025,"",Edge General Ledger,"",-8.87,1300-0000,"","",1000,Abacus GL Correcting Adjustment
J,17,"","",12/17/2025,12/01/2025,"",Edge General Ledger,"",-8.13,5000-0010,"","",1000,Abacus GL Correcting Adjustment
J,17,"","",12/17/2025,12/01/2025,"",Edge General Ledger,"",-56.00,1300-0000,"","",1000,Accounts Receivable - Fee
J,17,"","",12/17/2025,12/01/2025,"",Edge General Ledger,"",-278.00,1300-0000,"","",1000,Accounts Receivable - Rent
J,17,"","",12/17/2025,12/01/2025,"",Edge General Ledger,"",-7.00,5000-0013,"","",1000,Convenience Fee Revenue
J,17,"","",12/17/2025,12/01/2025,"",Edge General Ledger,"",323.00,1110-4948,"","",1000,Credit Card - Master Card
J,17,"","",12/17/2025,12/01/2025,"",Edge General Ledger,"",358.00,1110-4948,"","",1000,Credit Card - Visa
J,17,"","",12/17/2025,12/01/2025,"",Edge General Ledger,"",-17.00,2210-0000,"","",1000,Deferred Insurance Liability
J,17,"","",12/17/2025,12/01/2025,"",Edge General Ledger,"",-306.00,2210-0000,"","",1000,Deferred Rent Liability
J,18,"","",12/18/2025,12/01/2025,"",Edge General Ledger,"",-20.00,1300-0000,"","",1000,Accounts Receivable - Fee
J,18,"","",12/18/2025,12/01/2025,"",Edge General Ledger,"",-12.00,1300-0000,"","",1000,Accounts Receivable - Insurance
J,18,"","",12/18/2025,12/01/2025,"",Edge General Ledger,"",-90.00,1300-0000,"","",1000,Accounts Receivable - Rent
J,18,"","",12/18/2025,12/01/2025,"",Edge General Ledger,"",461.00,1110-4948,"","",1000,Credit Card - Visa
J,18,"","",12/18/2025,12/01/2025,"",Edge General Ledger,"",-29.00,2210-0000,"","",1000,Deferred Insurance Liability
J,18,"","",12/18/2025,12/01/2025,"",Edge General Ledger,"",-310.00,2210-0000,"","",1000,Deferred Rent Liability
J,19,"","",12/19/2025,12/01/2025,"",Edge General Ledger,"",0.00,1300-0000,"","",1000,Accounts Receivable - Fee
J,19,"","",12/19/2025,12/01/2025,"",Edge General Ledger,"",0.00,1300-0000,"","",1000,Accounts Receivable - Rent
J,19,"","",12/19/2025,12/01/2025,"",Edge General Ledger,"",-29.00,5805-0000,"","",1000,Administrative Fee Revenue
J,19,"","",12/19/2025,12/01/2025,"",Edge General Ledger,"",39.00,1110-4948,"","",1000,Credit Card - Master Card
J,19,"","",12/19/2025,12/01/2025,"",Edge General Ledger,"",9.71,"","","",1000,Discount Expense - Rental Income
J,19,"","",12/19/2025,12/01/2025,"",Edge General Ledger,"",-19.71,4500-1001,"","",1000,Rental Revenue
J,20,"","",12/20/2025,12/01/2025,"",Edge General Ledger,"",4.65,1300-0000,"","",1000,Accounts Receivable - Insurance
J,20,"","",12/20/2025,12/01/2025,"",Edge General Ledger,"",-4.65,5000-0010,"","",1000,Insurance Revenue
J,22,"","",12/22/2025,12/01/2025,"",Edge General Ledger,"",-40.00,1300-0000,"","",1000,Accounts Receivable - Fee
J,22,"","",12/22/2025,12/01/2025,"",Edge General Ledger,"",-24.00,1300-0000,"","",1000,Accounts Receivable - Insurance
J,22,"","",12/22/2025,12/01/2025,"",Edge General Ledger,"",-160.00,1300-0000,"","",1000,Accounts Receivable - Rent
J,22,"","",12/22/2025,12/01/2025,"",Edge General Ledger,"",224.00,1110-4948,"","",1000,Credit Card - Visa
J,23,"","",12/23/2025,12/01/2025,"",Edge General Ledger,"",6.96,1300-0000,"","",1000,Accounts Receivable - Insurance
J,23,"","",12/23/2025,12/01/2025,"",Edge General Ledger,"",-6.96,5000-0010,"","",1000,Insurance Revenue
J,26,"","",12/26/2025,12/01/2025,"",Edge General Ledger,"",-83.00,1300-0000,"","",1000,Accounts Receivable - Fee
J,26,"","",12/26/2025,12/01/2025,"",Edge General Ledger,"",-24.36,1300-0000,"","",1000,Accounts Receivable - Insurance
J,26,"","",12/26/2025,12/01/2025,"",Edge General Ledger,"",-414.00,1300-0000,"","",1000,Accounts Receivable - Rent
J,26,"","",12/26/2025,12/01/2025,"",Edge General Ledger,"",276.00,1110-4948,"","",1000,Credit Card - Discover
J,26,"","",12/26/2025,12/01/2025,"",Edge General Ledger,"",250.00,1110-4948,"","",1000,Credit Card - Master Card
J,26,"","",12/26/2025,12/01/2025,"",Edge General Ledger,"",-4.64,5000-0010,"","",1000,Insurance Revenue
J,27,"","",12/27/2025,12/01/2025,"",Edge General Ledger,"",-30.00,1300-0000,"","",1000,Accounts Receivable - Fee
J,27,"","",12/27/2025,12/01/2025,"",Edge General Ledger,"",-12.00,1300-0000,"","",1000,Accounts Receivable - Insurance
J,27,"","",12/27/2025,12/01/2025,"",Edge General Ledger,"",-152.00,1300-0000,"","",1000,Accounts Receivable - Rent
J,27,"","",12/27/2025,12/01/2025,"",Edge General Ledger,"",357.00,1110-4948,"","",1000,Credit Card - Visa
J,27,"","",12/27/2025,12/01/2025,"",Edge General Ledger,"",-17.00,2210-0000,"","",1000,Deferred Insurance Liability
J,27,"","",12/27/2025,12/01/2025,"",Edge General Ledger,"",-146.00,2210-0000,"","",1000,Deferred Rent Liability
J,29,"","",12/29/2025,12/01/2025,"",Edge General Ledger,"",-56.00,1300-0000,"","",1000,Accounts Receivable - Fee
J,29,"","",12/29/2025,12/01/2025,"",Edge General Ledger,"",-24.00,1300-0000,"","",1000,Accounts Receivable - Insurance
J,29,"","",12/29/2025,12/01/2025,"",Edge General Ledger,"",-280.00,1300-0000,"","",1000,Accounts Receivable - Rent
J,29,"","",12/29/2025,12/01/2025,"",Edge General Ledger,"",-29.00,5805-0000,"","",1000,Administrative Fee Revenue
J,29,"","",12/29/2025,12/01/2025,"",Edge General Ledger,"",120.00,1110-4948,"","",1000,Credit Card - Master Card
J,29,"","",12/29/2025,12/01/2025,"",Edge General Ledger,"",918.87,1110-4948,"","",1000,Credit Card - Visa
J,29,"","",12/29/2025,12/01/2025,"",Edge General Ledger,"",-41.00,2210-0000,"","",1000,Deferred Insurance Liability
J,29,"","",12/29/2025,12/01/2025,"",Edge General Ledger,"",-631.00,2210-0000,"","",1000,Deferred Rent Liability
J,29,"","",12/29/2025,12/01/2025,"",Edge General Ledger,"",-1.16,5000-0010,"","",1000,Insurance Revenue
J,29,"","",12/29/2025,12/01/2025,"",Edge General Ledger,"",-5.71,4500-1001,"","",1000,Rental Revenue
J,29,"","",12/29/2025,12/01/2025,"",Edge General Ledger,"",29.00,4710-0006,"","",1000,Waive Expense - Admin Fee
J,30,"","",12/30/2025,12/01/2025,"",Edge General Ledger,"",647.00,1110-4948,"","",1000,Credit Card - Master Card
J,30,"","",12/30/2025,12/01/2025,"",Edge General Ledger,"",503.00,1110-4948,"","",1000,Credit Card - Visa
J,30,"","",12/30/2025,12/01/2025,"",Edge General Ledger,"",-84.00,2210-0000,"","",1000,Deferred Insurance Liability
J,30,"","",12/30/2025,12/01/2025,"",Edge General Ledger,"",-1066.00,2210-0000,"","",1000,Deferred Rent Liability
J,30,"","",12/30/2025,12/01/2025,"",Edge General Ledger,"",0.39,5000-0010,"","",1000,Insurance Revenue
J,30,"","",12/30/2025,12/01/2025,"",Edge General Ledger,"",9.42,4500-1001,"","",1000,Rental Revenue
J,30,"","",12/30/2025,12/01/2025,"",Edge General Ledger,"",-0.39,5000-0010,"","",1000,Retained Insurance Refunds
J,30,"","",12/30/2025,12/01/2025,"",Edge General Ledger,"",-9.42,4500-1001,"","",1000,Retained Rent Refunds
J,31,"","",12/31/2025,12/01/2025,"",Edge General Ledger,"",-6.96,1300-0000,"","",1000,Accounts Receivable - Insurance
J,31,"","",12/31/2025,12/01/2025,"",Edge General Ledger,"",48.00,4710-0007,"","",1000,Accrued Discounts
J,31,"","",12/31/2025,12/01/2025,"",Edge General Ledger,"",430.96,1110-4948,"","",1000,Credit Card - Master Card
J,31,"","",12/31/2025,12/01/2025,"",Edge General Ledger,"",844.00,1110-4948,"","",1000,Credit Card - Visa
J,31,"","",12/31/2025,12/01/2025,"",Edge General Ledger,"",-60.00,2210-0000,"","",1000,Deferred Insurance Liability
J,31,"","",12/31/2025,12/01/2025,"",Edge General Ledger,"",-1256.00,2210-0000,"","",1000,Deferred Rent Liability
